<OPEN>,<HIGH>,<LOW>,<CLOSE>,<VOL>,<OPENINT>,<DATETIME>
9411.11,9449.64,9355.15,9356.69,0,0,2024-02-26 09:00:00
9355.27,9369.35,9337.76,9368.19,0,0,2024-02-26 10:00:00
9368.94,9372.51,9320.22,9344.59,0,0,2024-02-26 11:00:00
9342.01,9362.46,9322.83,9349.17,0,0,2024-02-26 12:00:00
9349.65,9392.25,9349.65,9364.3,0,0,2024-02-26 13:00:00
9364.57,9384.94,9353.55,9383.74,0,0,2024-02-26 14:00:00
9384.24,9409.34,9375.01,9402.98,0,0,2024-02-26 15:00:00
9405.28,9405.67,9334.13,9334.13,0,0,2024-02-26 16:00:00
9351.44,9351.44,9237.37,9237.37,0,0,2024-02-27 09:00:00
9232.66,9259.49,9187.53,9243.62,0,0,2024-02-27 10:00:00
9243.5,9249.52,9224.11,9244.42,0,0,2024-02-27 11:00:00
9244.55,9259.75,9234.5,9249.57,0,0,2024-02-27 12:00:00
9248.82,9285.4,9246.17,9275.56,0,0,2024-02-27 13:00:00
9271.27,9286.04,9259.79,9279.91,0,0,2024-02-27 14:00:00
9281.07,9299.74,9246.77,9246.77,0,0,2024-02-27 15:00:00
9248.1,9248.1,9179.48,9179.48,0,0,2024-02-27 16:00:00
9184.63,9200.04,9112.04,9189.53,0,0,2024-02-28 09:00:00
9190.73,9202.39,9163.83,9190.97,0,0,2024-02-28 10:00:00
9192.66,9217.73,9187.24,9210.46,0,0,2024-02-28 11:00:00
9210.53,9232.35,9202.3,9218.52,0,0,2024-02-28 12:00:00
9219.15,9235.97,9188.92,9189.25,0,0,2024-02-28 13:00:00
9190.1,9191.92,9136.62,9136.62,0,0,2024-02-28 14:00:00
9133.89,9171.26,9133.35,9157.02,0,0,2024-02-28 15:00:00
9158.04,9165.83,9062.36,9062.36,0,0,2024-02-28 16:00:00
9100.27,9165.7,9100.27,9140.83,0,0,2024-02-29 09:00:00
9138.42,9148.28,9090.37,9143.89,0,0,2024-02-29 10:00:00
9145.82,9153.79,9138.84,9139.3,0,0,2024-02-29 11:00:00
9141.74,9142.68,9106.4,9116.25,0,0,2024-02-29 12:00:00
9118.29,9194.06,9115.64,9193.45,0,0,2024-02-29 13:00:00
9194.12,9196.04,9162.44,9166.87,0,0,2024-02-29 14:00:00
9166.55,9193.31,9155.94,9159.41,0,0,2024-02-29 15:00:00
9160.55,9213.29,9126.31,9193.69,0,0,2024-02-29 16:00:00
9218.3,9225.83,9180.33,9219.71,0,0,2024-03-01 09:00:00
9219.24,9224.56,9176.1,9179.27,0,0,2024-03-01 10:00:00
9179.74,9190.27,9165.31,9165.31,0,0,2024-03-01 11:00:00
9166.21,9176.76,9145.94,9148.91,0,0,2024-03-01 12:00:00
9149.12,9163.07,9121.47,9155.64,0,0,2024-03-01 13:00:00
9152.87,9169.92,9113.97,9165.43,0,0,2024-03-01 14:00:00
9168.85,9173.11,9110.82,9117.49,0,0,2024-03-01 15:00:00
9116.82,9142.21,9091.88,9097.15,0,0,2024-03-01 16:00:00
9139.11,9148.89,9071.23,9106.86,0,0,2024-03-04 09:00:00
9107.92,9107.92,9037.69,9062.16,0,0,2024-03-04 10:00:00
9062.11,9073.46,9056.08,9058.52,0,0,2024-03-04 11:00:00
9058.89,9080.86,9048.7,9076.93,0,0,2024-03-04 12:00:00
9076.46,9088.68,9040.74,9048.43,0,0,2024-03-04 13:00:00
9043.68,9060.48,9000.1,9013.49,0,0,2024-03-04 14:00:00
9011.1,9011.56,8939.51,8941.35,0,0,2024-03-04 15:00:00
8941.94,8983.25,8907.65,8907.65,0,0,2024-03-04 16:00:00
8913.41,8957.87,8886.6,8935.37,0,0,2024-03-05 09:00:00
8926.22,8958.02,8923.46,8952.88,0,0,2024-03-05 10:00:00
8953.57,8958.53,8936.05,8943.52,0,0,2024-03-05 11:00:00
8944.68,8970.1,8935.94,8952.57,0,0,2024-03-05 12:00:00
8954.88,8957.36,8898.05,8914.59,0,0,2024-03-05 13:00:00
8913.49,8953.12,8895.89,8941.2,0,0,2024-03-05 14:00:00
8940.17,8942.73,8815.38,8852.22,0,0,2024-03-05 15:00:00
8868.7,8945.01,8854.74,8860.52,0,0,2024-03-05 16:00:00
8856.29,8908.45,8810.06,8883.24,0,0,2024-03-06 09:00:00
8883.67,8884.72,8810.65,8852.91,0,0,2024-03-06 10:00:00
8852.85,8868.84,8818.55,8846.53,0,0,2024-03-06 11:00:00
8847.12,8874.48,8845.98,8869.5,0,0,2024-03-06 12:00:00
8870.84,8883.66,8842.95,8850.09,0,0,2024-03-06 13:00:00
8852.86,8852.86,8814.51,8830.44,0,0,2024-03-06 14:00:00
8826.36,8857.79,8772.79,8784.01,0,0,2024-03-06 15:00:00
8777.36,8792.32,8736.68,8744.58,0,0,2024-03-06 16:00:00
8797.54,8900.51,8797.54,8882.53,0,0,2024-03-07 09:00:00
8886.63,8904.7,8875.9,8901.08,0,0,2024-03-07 10:00:00
8905.26,8931.82,8903.16,8923.56,0,0,2024-03-07 11:00:00
8927.12,8943.89,8921.81,8943.89,0,0,2024-03-07 12:00:00
8946.34,8986.69,8944.98,8986.69,0,0,2024-03-07 13:00:00
8987.01,8996.94,8967.8,8992.23,0,0,2024-03-07 14:00:00
8993.2,8999.95,8970.85,8994.59,0,0,2024-03-07 15:00:00
8991.32,9054.18,8970.92,9054.18,0,0,2024-03-07 16:00:00
9084.18,9132.8,9070.08,9087.92,0,0,2024-03-08 09:00:00
9087.14,9114.41,9064.88,9064.88,0,0,2024-03-08 10:00:00
9061.56,9081.93,9026.36,9080.83,0,0,2024-03-08 11:00:00
9077.24,9107.26,9074.75,9096.47,0,0,2024-03-08 12:00:00
9097.8,9143.92,9097.8,9133.44,0,0,2024-03-08 13:00:00
9125.02,9146.22,9119.13,9120.61,0,0,2024-03-08 14:00:00
9123.1,9169.42,9091.77,9169.42,0,0,2024-03-08 15:00:00
9173.1,9173.1,9146.31,9155.32,0,0,2024-03-08 16:00:00
9363.89,9363.89,9259.39,9259.39,0,0,2024-03-11 09:00:00
9262.29,9269.67,9236.26,9258.87,0,0,2024-03-11 10:00:00
9252.23,9284.02,9240.14,9270.61,0,0,2024-03-11 11:00:00
9271.11,9272.44,9247.47,9253.3,0,0,2024-03-11 12:00:00
9248.61,9248.61,9192.64,9216.37,0,0,2024-03-11 13:00:00
9215.68,9261.42,9215.68,9242.93,0,0,2024-03-11 14:00:00
9248.75,9249.16,9193.8,9198.69,0,0,2024-03-11 15:00:00
9198.38,9210.13,9131.82,9131.82,0,0,2024-03-11 16:00:00
9147.51,9185.3,9090.85,9183.74,0,0,2024-03-12 09:00:00
9184.75,9192.01,9131.03,9131.87,0,0,2024-03-12 10:00:00
9130.21,9151.63,9130.21,9139.88,0,0,2024-03-12 11:00:00
9137.33,9164.05,9136.26,9164.05,0,0,2024-03-12 12:00:00
9164.52,9168.18,9141.89,9152.54,0,0,2024-03-12 13:00:00
9151.86,9176.1,9108.15,9108.52,0,0,2024-03-12 14:00:00
9103.48,9103.48,9024.12,9024.12,0,0,2024-03-12 15:00:00
9019.67,9084.03,8987.81,9069.03,0,0,2024-03-12 16:00:00
9089.55,9091.85,8977.81,8992.26,0,0,2024-03-13 09:00:00
8981.94,8996.72,8943.07,8967.72,0,0,2024-03-13 10:00:00
8962.6,8971.95,8942.73,8942.73,0,0,2024-03-13 11:00:00
8943.02,8990.22,8939.71,8980.91,0,0,2024-03-13 12:00:00
8981.14,9065.29,8963.89,9063.84,0,0,2024-03-13 13:00:00
9071.34,9073.97,9001.37,9001.65,0,0,2024-03-13 14:00:00
9001.35,9022.31,8952.08,8961.03,0,0,2024-03-13 15:00:00
8955.63,8990.52,8910.23,8910.23,0,0,2024-03-13 16:00:00
8941.46,8971.53,8891.18,8897.44,0,0,2024-03-14 09:00:00
8898.21,8936.4,8897.23,8902.79,0,0,2024-03-14 10:00:00
8902.88,8926.93,8869.88,8918.35,0,0,2024-03-14 11:00:00
8918.63,8920.99,8884.67,8892.05,0,0,2024-03-14 12:00:00
8890.99,8943.28,8870.7,8937.92,0,0,2024-03-14 13:00:00
8937.24,8943.35,8894.82,8915.27,0,0,2024-03-14 14:00:00
8913.33,8939.17,8901.0,8905.85,0,0,2024-03-14 15:00:00
8905.65,8906.18,8849.33,8883.52,0,0,2024-03-14 16:00:00
8901.86,8902.99,8853.5,8881.93,0,0,2024-03-15 09:00:00
8880.85,8906.26,8865.88,8889.2,0,0,2024-03-15 10:00:00
8891.34,8896.72,8879.76,8889.15,0,0,2024-03-15 11:00:00
8887.52,8904.92,8870.8,8872.72,0,0,2024-03-15 12:00:00
8872.84,8875.96,8849.11,8874.63,0,0,2024-03-15 13:00:00
8875.47,8875.47,8816.14,8826.58,0,0,2024-03-15 14:00:00
8826.81,8887.07,8817.35,8875.47,0,0,2024-03-15 15:00:00
8874.37,8874.37,8797.14,8828.7,0,0,2024-03-15 16:00:00
8844.5,8846.42,8756.34,8778.28,0,0,2024-03-18 09:00:00
8777.59,8862.07,8751.6,8854.34,0,0,2024-03-18 10:00:00
8858.72,8858.72,8807.46,8819.95,0,0,2024-03-18 11:00:00
8820.54,8840.04,8809.92,8819.89,0,0,2024-03-18 12:00:00
8819.26,8821.25,8773.55,8775.75,0,0,2024-03-18 13:00:00
8769.31,8807.05,8764.52,8764.52,0,0,2024-03-18 14:00:00
8765.58,8779.46,8745.87,8757.62,0,0,2024-03-18 15:00:00
8756.79,8773.66,8718.11,8718.11,0,0,2024-03-18 16:00:00
8702.35,8763.93,8696.69,8740.69,0,0,2024-03-19 09:00:00
8741.11,8770.5,8715.69,8768.3,0,0,2024-03-19 10:00:00
8773.49,8842.77,8765.38,8842.77,0,0,2024-03-19 11:00:00
8850.39,8897.53,8848.98,8893.49,0,0,2024-03-19 12:00:00
8894.87,8908.77,8874.54,8886.23,0,0,2024-03-19 13:00:00
8885.75,8892.88,8863.2,8869.33,0,0,2024-03-19 14:00:00
8870.85,8911.65,8870.85,8895.08,0,0,2024-03-19 15:00:00
8895.41,8934.23,8883.37,8929.88,0,0,2024-03-19 16:00:00
8932.48,8977.14,8906.21,8972.06,0,0,2024-03-20 09:00:00
8976.55,8996.24,8944.43,8968.77,0,0,2024-03-20 10:00:00
8968.36,8971.6,8927.32,8941.62,0,0,2024-03-20 11:00:00
8939.82,8958.55,8929.84,8937.72,0,0,2024-03-20 12:00:00
8935.3,8968.12,8932.0,8966.62,0,0,2024-03-20 13:00:00
8968.32,8984.76,8959.23,8968.42,0,0,2024-03-20 14:00:00
8969.74,9015.03,8925.36,9015.03,0,0,2024-03-20 15:00:00
9017.59,9026.57,8955.12,8955.12,0,0,2024-03-20 16:00:00
9035.94,9096.39,9035.94,9090.95,0,0,2024-03-21 09:00:00
9091.34,9099.66,9072.46,9089.17,0,0,2024-03-21 10:00:00
9089.41,9099.56,9080.04,9094.08,0,0,2024-03-21 11:00:00
9094.84,9101.65,9073.39,9078.18,0,0,2024-03-21 12:00:00
9077.2,9150.0,9022.0,9118.93,0,0,2024-03-21 13:00:00
9121.19,9149.91,9089.47,9137.31,0,0,2024-03-21 14:00:00
9137.12,9192.5,9125.12,9178.72,0,0,2024-03-21 15:00:00
9178.85,9190.92,9138.49,9140.7,0,0,2024-03-21 16:00:00
9162.41,9221.7,9156.13,9171.69,0,0,2024-03-22 09:00:00
9170.28,9202.25,9161.57,9202.25,0,0,2024-03-22 10:00:00
9201.72,9213.73,9184.27,9184.27,0,0,2024-03-22 11:00:00
9184.27,9198.68,9177.26,9185.08,0,0,2024-03-22 12:00:00
9184.83,9212.9,9181.85,9194.05,0,0,2024-03-22 13:00:00
9193.02,9195.56,9168.25,9172.78,0,0,2024-03-22 14:00:00
9172.16,9179.12,9103.79,9103.79,0,0,2024-03-22 15:00:00
9100.48,9118.21,9081.84,9111.5,0,0,2024-03-22 16:00:00
9113.27,9163.96,9081.65,9159.93,0,0,2024-03-25 09:00:00
9160.47,9244.49,9158.17,9244.49,0,0,2024-03-25 10:00:00
9243.83,9274.02,9242.99,9271.45,0,0,2024-03-25 11:00:00
9270.67,9334.4,9265.68,9319.18,0,0,2024-03-25 12:00:00
9320.94,9322.13,9285.75,9304.53,0,0,2024-03-25 13:00:00
9305.32,9307.48,9250.31,9253.03,0,0,2024-03-25 14:00:00
9252.44,9257.35,9184.54,9184.96,0,0,2024-03-25 15:00:00
9182.42,9189.26,9029.38,9029.38,0,0,2024-03-25 16:00:00
9029.5,9047.05,8960.12,9010.92,0,0,2024-03-26 09:00:00
9006.12,9006.12,8913.16,8916.37,0,0,2024-03-26 10:00:00
8915.32,8917.49,8856.81,8858.46,0,0,2024-03-26 11:00:00
8857.28,8884.08,8816.25,8863.0,0,0,2024-03-26 12:00:00
8861.52,8910.33,8852.53,8864.31,0,0,2024-03-26 13:00:00
8852.5,8881.85,8827.84,8881.85,0,0,2024-03-26 14:00:00
8888.34,8889.03,8787.15,8788.83,0,0,2024-03-26 15:00:00
8788.45,8828.21,8761.27,8807.38,0,0,2024-03-26 16:00:00
8834.01,8850.8,8751.28,8777.17,0,0,2024-03-27 09:00:00
8775.01,8794.72,8757.14,8763.49,0,0,2024-03-27 10:00:00
8764.48,8818.32,8761.95,8818.32,0,0,2024-03-27 11:00:00
8819.4,8855.43,8799.58,8847.93,0,0,2024-03-27 12:00:00
8853.32,8854.21,8815.2,8845.02,0,0,2024-03-27 13:00:00
8852.27,8905.07,8836.31,8891.82,0,0,2024-03-27 14:00:00
8891.82,8897.92,8785.09,8795.32,0,0,2024-03-27 15:00:00
8788.82,8854.82,8788.75,8806.72,0,0,2024-03-27 16:00:00
8863.66,8987.61,8863.66,8987.61,0,0,2024-03-28 09:00:00
8995.02,9028.96,8975.96,9009.85,0,0,2024-03-28 10:00:00
9009.38,9009.38,8967.33,8980.28,0,0,2024-03-28 11:00:00
8979.92,8997.86,8966.26,8995.5,0,0,2024-03-28 12:00:00
8996.06,9059.52,8975.92,9056.34,0,0,2024-03-28 13:00:00
9056.8,9057.85,9035.56,9057.27,0,0,2024-03-28 14:00:00
9057.19,9069.84,9037.18,9053.86,0,0,2024-03-28 15:00:00
9055.27,9079.97,9034.86,9079.97,0,0,2024-03-28 16:00:00
9125.29,9153.96,9088.3,9088.3,0,0,2024-03-29 09:00:00
9089.68,9095.19,9058.08,9073.6,0,0,2024-03-29 10:00:00
9074.08,9100.38,9056.5,9090.19,0,0,2024-03-29 11:00:00
9089.96,9105.12,9083.21,9094.91,0,0,2024-03-29 12:00:00
9093.65,9109.82,9084.91,9102.8,0,0,2024-03-29 13:00:00
9103.43,9142.93,9103.14,9117.37,0,0,2024-03-29 14:00:00
9115.38,9120.41,9069.75,9103.6,0,0,2024-03-29 15:00:00
9105.05,9150.72,9086.32,9142.4,0,0,2024-03-29 16:00:00
9234.48,9247.16,9076.28,9078.27,0,0,2024-04-01 10:00:00
9070.77,9083.85,9002.64,9005.98,0,0,2024-04-01 11:00:00
9006.47,9023.41,8972.17,8972.35,0,0,2024-04-01 12:00:00
8969.09,9028.54,8963.16,9012.76,0,0,2024-04-01 13:00:00
9006.97,9088.86,9006.97,9070.1,0,0,2024-04-01 14:00:00
9069.0,9142.0,9062.85,9103.31,0,0,2024-04-01 15:00:00
9102.86,9211.1,9084.8,9192.71,0,0,2024-04-01 16:00:00
9196.61,9198.96,9155.15,9157.54,0,0,2024-04-01 17:00:00
9186.0,9264.03,9186.0,9232.53,0,0,2024-04-02 10:00:00
9232.62,9236.39,9158.76,9164.97,0,0,2024-04-02 11:00:00
9161.86,9193.38,9148.98,9189.55,0,0,2024-04-02 12:00:00
9188.91,9190.42,9137.21,9147.24,0,0,2024-04-02 13:00:00
9145.65,9226.0,9145.65,9222.75,0,0,2024-04-02 14:00:00
9224.32,9225.95,9141.39,9142.25,0,0,2024-04-02 15:00:00
9141.12,9179.17,9084.34,9086.61,0,0,2024-04-02 16:00:00
9083.94,9098.64,8996.44,9040.87,0,0,2024-04-02 17:00:00
9040.87,9040.87,8905.7,8970.85,0,0,2024-04-03 10:00:00
8970.81,9010.23,8947.62,8953.78,0,0,2024-04-03 11:00:00
8951.56,8986.41,8948.93,8974.04,0,0,2024-04-03 12:00:00
8975.03,8991.0,8961.59,8969.61,0,0,2024-04-03 13:00:00
8968.93,9017.92,8960.38,8961.73,0,0,2024-04-03 14:00:00
8964.37,8989.98,8944.97,8979.75,0,0,2024-04-03 15:00:00
8978.24,8988.61,8949.94,8962.89,0,0,2024-04-03 16:00:00
8962.81,8986.83,8945.8,8945.8,0,0,2024-04-03 17:00:00
8945.8,9012.23,8944.57,8951.9,0,0,2024-04-04 10:00:00
8953.3,8987.61,8939.34,8987.1,0,0,2024-04-04 11:00:00
8987.25,9106.4,8986.73,9106.27,0,0,2024-04-04 12:00:00
9112.81,9152.24,9106.41,9145.5,0,0,2024-04-04 13:00:00
9152.14,9167.94,9112.96,9136.28,0,0,2024-04-04 14:00:00
9136.86,9139.27,9088.91,9096.02,0,0,2024-04-04 15:00:00
9092.99,9129.5,9080.78,9100.69,0,0,2024-04-04 16:00:00
9108.92,9145.92,9093.88,9129.02,0,0,2024-04-04 17:00:00
9275.88,9328.37,9251.72,9316.92,0,0,2024-04-05 10:00:00
9316.62,9378.69,9299.75,9375.99,0,0,2024-04-05 11:00:00
9377.75,9383.83,9328.59,9343.96,0,0,2024-04-05 12:00:00
9346.53,9362.19,9326.27,9346.66,0,0,2024-04-05 13:00:00
9343.93,9409.66,9340.2,9407.3,0,0,2024-04-05 14:00:00
9408.64,9418.14,9376.68,9411.86,0,0,2024-04-05 15:00:00
9413.29,9588.37,9411.85,9554.39,0,0,2024-04-05 16:00:00
9554.64,9618.83,9526.82,9618.83,0,0,2024-04-05 17:00:00
9639.23,9732.66,9629.66,9728.3,0,0,2024-04-08 10:00:00
9730.6,9734.5,9672.8,9685.85,0,0,2024-04-08 11:00:00
9685.7,9716.13,9666.85,9716.13,0,0,2024-04-08 12:00:00
9715.34,9732.34,9707.28,9729.07,0,0,2024-04-08 13:00:00
9728.22,9735.17,9708.31,9717.55,0,0,2024-04-08 14:00:00
9716.55,9741.47,9704.4,9740.37,0,0,2024-04-08 15:00:00
9741.46,9763.49,9724.18,9757.95,0,0,2024-04-08 16:00:00
9760.8,9766.0,9739.21,9756.69,0,0,2024-04-08 17:00:00
9807.65,9842.14,9747.55,9839.72,0,0,2024-04-09 10:00:00
9839.74,9848.6,9814.95,9830.16,0,0,2024-04-09 11:00:00
9828.73,9830.03,9811.8,9814.19,0,0,2024-04-09 12:00:00
9759.28,9800.91,9684.65,9724.99,0,0,2024-04-15 10:00:00
9723.7,9822.87,9722.61,9784.09,0,0,2024-04-15 11:00:00
9780.8,9804.34,9759.7,9769.76,0,0,2024-04-15 12:00:00
9764.64,9771.82,9727.51,9730.16,0,0,2024-04-15 13:00:00
9725.92,9765.54,9705.73,9754.26,0,0,2024-04-15 14:00:00
9755.33,9770.48,9716.74,9732.13,0,0,2024-04-15 15:00:00
9729.3,9761.51,9723.71,9746.49,0,0,2024-04-15 16:00:00
9747.43,9750.62,9679.8,9679.8,0,0,2024-04-15 17:00:00
9645.01,9645.91,9537.88,9540.16,0,0,2024-04-16 10:00:00
9537.16,9581.78,9536.0,9560.58,0,0,2024-04-16 11:00:00
9560.46,9560.46,9513.84,9549.13,0,0,2024-04-16 12:00:00
9550.04,9584.77,9537.65,9575.83,0,0,2024-04-16 13:00:00
9576.11,9650.24,9555.13,9625.88,0,0,2024-04-16 14:00:00
9627.74,9629.44,9565.38,9567.49,0,0,2024-04-16 15:00:00
9563.45,9574.09,9525.5,9539.25,0,0,2024-04-16 16:00:00
9536.51,9607.69,9515.25,9548.09,0,0,2024-04-16 17:00:00
9617.18,9711.74,9617.18,9709.89,0,0,2024-04-17 10:00:00
9713.22,9716.25,9653.25,9654.31,0,0,2024-04-17 11:00:00
9649.79,9668.95,9639.1,9648.51,0,0,2024-04-17 12:00:00
9646.95,9677.43,9614.61,9656.49,0,0,2024-04-17 13:00:00
9652.39,9652.39,9600.52,9600.77,0,0,2024-04-17 14:00:00
9590.51,9605.51,9549.92,9549.92,0,0,2024-04-17 15:00:00
9549.23,9583.62,9539.39,9539.39,0,0,2024-04-17 16:00:00
9534.58,9575.0,9505.17,9530.47,0,0,2024-04-17 17:00:00
9564.85,9601.56,9532.6,9550.89,0,0,2024-04-18 10:00:00
9550.22,9577.76,9508.56,9572.94,0,0,2024-04-18 11:00:00
9575.74,9576.06,9529.18,9562.8,0,0,2024-04-18 12:00:00
9564.24,9564.91,9534.27,9545.59,0,0,2024-04-18 13:00:00
9545.66,9568.99,9535.93,9555.74,0,0,2024-04-18 14:00:00
9556.0,9568.21,9513.26,9519.16,0,0,2024-04-18 15:00:00
9518.39,9524.2,9475.75,9497.31,0,0,2024-04-18 16:00:00
9493.53,9575.7,9482.93,9524.59,0,0,2024-04-18 17:00:00
9431.16,9487.73,9423.35,9446.57,0,0,2024-04-19 10:00:00
9446.64,9463.01,9429.1,9453.48,0,0,2024-04-19 11:00:00
9454.49,9475.52,9438.56,9457.79,0,0,2024-04-19 12:00:00
9457.44,9486.73,9454.97,9472.94,0,0,2024-04-19 13:00:00
9468.01,9512.81,9453.62,9506.47,0,0,2024-04-19 14:00:00
9506.32,9655.35,9499.79,9628.43,0,0,2024-04-19 15:00:00
9637.23,9712.6,9637.23,9664.59,0,0,2024-04-19 16:00:00
9671.7,9697.7,9654.91,9693.46,0,0,2024-04-19 17:00:00
9794.74,9829.94,9791.71,9793.13,0,0,2024-04-22 10:00:00
9790.42,9816.61,9766.63,9798.26,0,0,2024-04-22 11:00:00
9799.54,9800.39,9771.69,9774.04,0,0,2024-04-22 12:00:00
9771.16,9785.66,9751.64,9770.46,0,0,2024-04-22 13:00:00
9771.03,9775.98,9718.93,9735.65,0,0,2024-04-22 14:00:00
9735.15,9751.89,9720.93,9723.89,0,0,2024-04-22 15:00:00
9724.85,9730.81,9675.01,9687.78,0,0,2024-04-22 16:00:00
9686.76,9693.04,9645.02,9645.02,0,0,2024-04-22 17:00:00
9716.25,9740.58,9697.81,9702.32,0,0,2024-04-24 10:00:00
9703.18,9744.1,9702.48,9736.58,0,0,2024-04-24 11:00:00
9738.64,9766.75,9738.64,9747.59,0,0,2024-04-24 12:00:00
9751.03,9751.03,9706.54,9713.97,0,0,2024-04-24 13:00:00
9712.33,9721.41,9668.53,9672.22,0,0,2024-04-24 14:00:00
9672.19,9714.63,9669.67,9708.35,0,0,2024-04-24 15:00:00
9708.83,9717.34,9675.42,9694.91,0,0,2024-04-24 16:00:00
9694.52,9737.87,9693.02,9722.09,0,0,2024-04-24 17:00:00
9753.97,9785.06,9741.87,9759.51,0,0,2024-04-25 10:00:00
9758.32,9790.73,9758.32,9789.29,0,0,2024-04-25 11:00:00
9794.39,9807.57,9785.29,9801.6,0,0,2024-04-25 12:00:00
9801.58,9818.27,9798.81,9809.1,0,0,2024-04-25 13:00:00
9809.61,9826.08,9768.16,9797.49,0,0,2024-04-25 14:00:00
9794.3,9816.0,9709.26,9710.15,0,0,2024-04-25 15:00:00
9712.54,9735.5,9665.16,9671.49,0,0,2024-04-25 16:00:00
9673.18,9729.43,9672.62,9716.77,0,0,2024-04-25 17:00:00
9763.37,9797.15,9751.86,9793.01,0,0,2024-04-26 10:00:00
9801.12,9896.16,9794.98,9896.16,0,0,2024-04-26 11:00:00
9900.25,9907.08,9876.02,9884.4,0,0,2024-04-26 12:00:00
9883.72,9892.97,9869.57,9878.07,0,0,2024-04-26 13:00:00
9878.29,9893.77,9869.81,9870.96,0,0,2024-04-26 14:00:00
9871.87,9922.83,9867.33,9918.41,0,0,2024-04-26 15:00:00
9917.21,9955.4,9917.21,9920.43,0,0,2024-04-26 16:00:00
9911.3,9940.31,9878.11,9915.62,0,0,2024-04-26 17:00:00
9992.45,9995.83,9942.61,9979.89,0,0,2024-04-29 10:00:00
9977.61,9994.75,9971.81,9987.18,0,0,2024-04-29 11:00:00
9987.67,10006.68,9976.32,9998.98,0,0,2024-04-29 12:00:00
9997.94,10018.95,9996.23,10011.53,0,0,2024-04-29 13:00:00
10012.14,10012.99,9961.26,9961.57,0,0,2024-04-29 14:00:00
9960.76,9977.16,9943.07,9975.49,0,0,2024-04-29 15:00:00
9975.73,10021.14,9975.66,10017.58,0,0,2024-04-29 16:00:00
10020.38,10082.77,10008.26,10082.77,0,0,2024-04-29 17:00:00
10081.68,10122.65,10046.64,10120.3,0,0,2024-04-30 10:00:00
10122.06,10132.21,10099.42,10103.57,0,0,2024-04-30 11:00:00
10103.88,10116.49,10096.09,10110.58,0,0,2024-04-30 12:00:00
10109.54,10118.22,10082.16,10097.19,0,0,2024-04-30 13:00:00
10093.05,10103.95,10071.27,10084.63,0,0,2024-04-30 14:00:00
10082.02,10089.01,10037.64,10039.18,0,0,2024-04-30 15:00:00
10038.16,10104.82,10036.94,10100.93,0,0,2024-04-30 16:00:00
10101.89,10108.97,10045.74,10045.74,0,0,2024-04-30 17:00:00
10097.39,10204.0,10097.39,10199.8,0,0,2024-05-02 10:00:00
10199.93,10200.68,10163.79,10177.4,0,0,2024-05-02 11:00:00
10177.32,10179.29,10148.86,10172.42,0,0,2024-05-02 12:00:00
10174.22,10174.22,10153.88,10157.07,0,0,2024-05-02 13:00:00
10157.38,10181.46,10151.42,10157.89,0,0,2024-05-02 14:00:00
10152.21,10167.6,10148.61,10167.6,0,0,2024-05-02 15:00:00
10168.04,10197.76,10168.04,10184.27,0,0,2024-05-02 16:00:00
10184.02,10208.79,10177.08,10208.65,0,0,2024-05-02 17:00:00
10237.02,10271.67,10216.28,10271.54,0,0,2024-05-03 10:00:00
10271.16,10285.21,10244.82,10246.48,0,0,2024-05-03 11:00:00
10244.68,10274.62,10244.14,10263.22,0,0,2024-05-03 12:00:00
10263.76,10269.03,10243.42,10248.53,0,0,2024-05-03 13:00:00
10248.75,10268.17,10225.55,10234.65,0,0,2024-05-03 14:00:00
10234.48,10235.3,10197.62,10217.71,0,0,2024-05-03 15:00:00
10216.2,10231.44,10177.9,10231.44,0,0,2024-05-03 16:00:00
10232.53,10276.88,10218.28,10276.88,0,0,2024-05-03 17:00:00
10282.33,10282.33,10203.04,10209.73,0,0,2024-05-06 10:00:00
10205.84,10255.0,10202.8,10243.27,0,0,2024-05-06 11:00:00
10243.34,10267.79,10228.99,10265.25,0,0,2024-05-06 12:00:00
10266.95,10281.12,10261.68,10281.12,0,0,2024-05-06 13:00:00
10283.08,10324.63,10283.08,10299.46,0,0,2024-05-06 14:00:00
10300.87,10312.81,10261.05,10270.13,0,0,2024-05-06 15:00:00
10266.67,10295.11,10256.21,10270.22,0,0,2024-05-06 16:00:00
10274.78,10296.22,10265.79,10267.09,0,0,2024-05-06 17:00:00
10282.75,10313.07,10271.09,10296.79,0,0,2024-05-07 10:00:00
10296.93,10303.56,10214.41,10220.36,0,0,2024-05-07 11:00:00
10217.07,10221.31,10168.06,10174.07,0,0,2024-05-07 12:00:00
10170.11,10195.71,10149.37,10150.2,0,0,2024-05-07 13:00:00
10147.27,10205.87,10145.67,10205.87,0,0,2024-05-07 14:00:00
10206.97,10212.4,10169.59,10177.18,0,0,2024-05-07 15:00:00
10178.77,10334.32,10150.93,10316.98,0,0,2024-05-07 16:00:00
10326.68,10375.06,10311.08,10336.5,0,0,2024-05-07 17:00:00
10358.1,10383.14,10320.17,10330.74,0,0,2024-05-08 10:00:00
10327.18,10333.71,10263.19,10264.79,0,0,2024-05-08 11:00:00
10259.92,10272.41,10247.62,10255.25,0,0,2024-05-08 12:00:00
10256.15,10262.94,10234.66,10244.88,0,0,2024-05-08 13:00:00
10244.83,10277.5,10244.23,10275.55,0,0,2024-05-08 14:00:00
10275.93,10295.57,10240.9,10241.4,0,0,2024-05-08 15:00:00
10239.91,10285.72,10237.75,10285.72,0,0,2024-05-08 16:00:00
10287.82,10291.66,10247.75,10247.75,0,0,2024-05-08 17:00:00
10274.38,10303.64,10233.26,10237.58,0,0,2024-05-09 10:00:00
10238.58,10266.62,10228.8,10242.77,0,0,2024-05-09 11:00:00
10240.08,10242.54,10191.41,10206.9,0,0,2024-05-09 12:00:00
10204.94,10234.92,10188.16,10234.54,0,0,2024-05-09 13:00:00
10233.83,10250.17,10206.98,10245.2,0,0,2024-05-09 14:00:00
10245.16,10252.69,10222.17,10237.95,0,0,2024-05-09 15:00:00
10238.01,10269.62,10235.88,10265.49,0,0,2024-05-09 16:00:00
10265.51,10278.28,10248.7,10268.58,0,0,2024-05-09 17:00:00
10276.76,10326.72,10254.52,10311.88,0,0,2024-05-10 10:00:00
10312.1,10335.41,10307.28,10333.98,0,0,2024-05-10 11:00:00
10333.91,10344.64,10323.97,10331.46,0,0,2024-05-10 12:00:00
10331.62,10364.0,10330.63,10342.54,0,0,2024-05-10 13:00:00
10342.08,10356.93,10331.55,10356.89,0,0,2024-05-10 14:00:00
10354.48,10355.72,10301.15,10314.37,0,0,2024-05-10 15:00:00
10313.74,10338.9,10306.85,10312.27,0,0,2024-05-10 16:00:00
10311.31,10311.31,10218.58,10218.58,0,0,2024-05-10 17:00:00
10251.22,10286.97,10167.39,10211.69,0,0,2024-05-13 10:00:00
10211.5,10259.72,10204.43,10219.37,0,0,2024-05-13 11:00:00
10219.37,10219.9,10188.92,10204.29,0,0,2024-05-13 12:00:00
10200.57,10200.57,10156.29,10178.71,0,0,2024-05-13 13:00:00
10176.83,10198.89,10160.76,10167.73,0,0,2024-05-13 14:00:00
10165.51,10186.35,10155.99,10162.08,0,0,2024-05-13 15:00:00
10156.02,10192.37,10122.57,10185.94,0,0,2024-05-13 16:00:00
10190.77,10190.77,10055.98,10055.98,0,0,2024-05-13 17:00:00
10098.61,10143.47,10065.51,10088.89,0,0,2024-05-14 10:00:00
10088.66,10093.23,10040.36,10055.02,0,0,2024-05-14 11:00:00
10055.44,10102.96,10036.75,10095.63,0,0,2024-05-14 12:00:00
10096.52,10103.46,10082.98,10083.44,0,0,2024-05-14 13:00:00
10085.02,10089.27,10072.67,10082.55,0,0,2024-05-14 14:00:00
10082.64,10179.76,10081.43,10179.76,0,0,2024-05-14 15:00:00
10183.16,10271.23,10182.78,10228.77,0,0,2024-05-14 16:00:00
10228.63,10233.37,10162.89,10173.42,0,0,2024-05-14 17:00:00
10171.09,10195.5,10144.49,10169.58,0,0,2024-05-15 10:00:00
10167.2,10190.93,10134.35,10181.66,0,0,2024-05-15 11:00:00
10179.31,10185.23,10146.93,10151.37,0,0,2024-05-15 12:00:00
10149.93,10152.34,10128.32,10134.5,0,0,2024-05-15 13:00:00
10131.71,10169.31,10122.39,10158.36,0,0,2024-05-15 14:00:00
10157.83,10190.6,10149.03,10156.27,0,0,2024-05-15 15:00:00
10154.86,10183.59,10144.63,10144.63,0,0,2024-05-15 16:00:00
10142.68,10239.6,10138.84,10158.63,0,0,2024-05-15 17:00:00
10189.06,10253.22,10181.66,10210.39,0,0,2024-05-16 10:00:00
10210.01,10210.39,10154.88,10165.09,0,0,2024-05-16 11:00:00
10162.43,10178.88,10145.31,10164.16,0,0,2024-05-16 12:00:00
10163.0,10183.73,10154.83,10169.29,0,0,2024-05-16 13:00:00
10167.54,10192.81,10157.36,10192.39,0,0,2024-05-16 14:00:00
10197.62,10227.52,10189.08,10208.5,0,0,2024-05-16 15:00:00
10207.42,10219.98,10180.67,10217.59,0,0,2024-05-16 16:00:00
10216.4,10319.96,10205.82,10319.96,0,0,2024-05-16 17:00:00
10369.87,10524.94,10360.66,10507.56,0,0,2024-05-17 10:00:00
10507.21,10512.66,10471.95,10507.49,0,0,2024-05-17 11:00:00
10507.34,10556.85,10506.21,10542.44,0,0,2024-05-17 12:00:00
10542.5,10563.49,10526.57,10563.49,0,0,2024-05-17 13:00:00
10567.21,10570.6,10537.39,10570.2,0,0,2024-05-17 14:00:00
10569.63,10591.66,10554.36,10589.06,0,0,2024-05-17 15:00:00
10589.34,10624.2,10589.34,10614.76,0,0,2024-05-17 16:00:00
10614.97,10651.48,10597.1,10643.58,0,0,2024-05-17 17:00:00
10660.8,10755.09,10634.37,10744.82,0,0,2024-05-20 10:00:00
10743.56,10762.78,10725.45,10742.35,0,0,2024-05-20 11:00:00
10742.53,10742.89,10698.93,10707.85,0,0,2024-05-20 12:00:00
10704.66,10745.87,10704.66,10728.54,0,0,2024-05-20 13:00:00
10731.9,10735.12,10688.55,10692.93,0,0,2024-05-20 14:00:00
10686.89,10727.18,10681.01,10711.62,0,0,2024-05-20 15:00:00
10711.53,10746.47,10707.32,10745.52,0,0,2024-05-20 16:00:00
10744.82,10775.0,10731.64,10739.57,0,0,2024-05-20 17:00:00
10767.34,10991.51,10752.39,10991.51,0,0,2024-05-21 10:00:00
10994.43,11077.09,10893.43,11067.08,0,0,2024-05-21 11:00:00
11068.46,11074.05,11028.86,11072.21,0,0,2024-05-21 12:00:00
11070.46,11085.64,11043.83,11051.14,0,0,2024-05-21 13:00:00
11050.99,11078.33,11045.13,11049.48,0,0,2024-05-21 14:00:00
11049.13,11049.13,10884.6,10938.26,0,0,2024-05-21 15:00:00
10925.6,10966.85,10902.14,10960.55,0,0,2024-05-21 16:00:00
10964.33,10973.54,10878.41,10895.25,0,0,2024-05-21 17:00:00
10930.39,10938.11,10878.88,10924.4,0,0,2024-05-22 10:00:00
10922.81,11022.4,10912.54,10941.68,0,0,2024-05-22 11:00:00
10939.08,10945.11,10908.96,10925.27,0,0,2024-05-22 12:00:00
10924.58,10936.34,10888.7,10889.26,0,0,2024-05-22 13:00:00
10881.98,10895.6,10854.09,10854.09,0,0,2024-05-22 14:00:00
10848.42,10877.59,10803.67,10806.08,0,0,2024-05-22 15:00:00
10802.03,10919.03,10802.03,10887.22,0,0,2024-05-22 16:00:00
10892.44,10925.75,10879.7,10899.28,0,0,2024-05-22 17:00:00
10869.55,10945.36,10847.62,10915.11,0,0,2024-05-23 10:00:00
10912.19,10948.73,10880.35,10891.91,0,0,2024-05-23 11:00:00
10890.37,10919.2,10886.49,10902.57,0,0,2024-05-23 12:00:00
10902.63,10923.1,10902.03,10922.95,0,0,2024-05-23 13:00:00
10920.88,10972.2,10889.51,10922.75,0,0,2024-05-23 14:00:00
10925.06,10949.78,10911.48,10926.75,0,0,2024-05-23 15:00:00
10925.67,10933.11,10833.18,10859.32,0,0,2024-05-23 16:00:00
10866.22,10866.22,10786.7,10792.53,0,0,2024-05-23 17:00:00
10784.2,10810.66,10743.83,10753.78,0,0,2024-05-24 10:00:00
10752.56,10771.12,10729.95,10740.09,0,0,2024-05-24 11:00:00
10739.62,10766.6,10728.8,10733.62,0,0,2024-05-24 12:00:00
10735.15,10743.8,10705.48,10733.41,0,0,2024-05-24 13:00:00
10731.3,10741.81,10704.43,10720.54,0,0,2024-05-24 14:00:00
10716.36,10747.22,10684.73,10688.63,0,0,2024-05-24 15:00:00
10686.12,10741.55,10685.06,10695.16,0,0,2024-05-24 16:00:00
10695.37,10720.57,10664.96,10676.65,0,0,2024-05-24 17:00:00
10701.24,10713.87,10647.03,10671.76,0,0,2024-05-27 10:00:00
10665.08,10735.88,10665.08,10731.78,0,0,2024-05-27 11:00:00
10735.21,10758.6,10717.45,10726.02,0,0,2024-05-27 12:00:00
10725.83,10730.76,10689.75,10694.12,0,0,2024-05-27 13:00:00
10694.8,10733.7,10689.1,10725.23,0,0,2024-05-27 14:00:00
10725.74,10731.23,10600.82,10606.72,0,0,2024-05-27 15:00:00
10599.11,10640.68,10586.04,10616.27,0,0,2024-05-27 16:00:00
10616.47,10727.76,10616.47,10656.96,0,0,2024-05-27 17:00:00
10678.75,10698.0,10624.01,10656.74,0,0,2024-05-28 10:00:00
10656.3,10661.43,10625.7,10625.95,0,0,2024-05-28 11:00:00
10625.53,10638.43,10611.4,10629.99,0,0,2024-05-28 12:00:00
10628.12,10650.32,10614.81,10619.31,0,0,2024-05-28 13:00:00
10620.31,10621.97,10590.88,10609.04,0,0,2024-05-28 14:00:00
10609.84,10676.19,10604.91,10656.04,0,0,2024-05-28 15:00:00
10659.35,10718.06,10651.04,10700.48,0,0,2024-05-28 16:00:00
10700.53,10703.13,10653.93,10677.49,0,0,2024-05-28 17:00:00
10693.02,10712.37,10644.4,10648.1,0,0,2024-05-29 10:00:00
10644.62,10682.64,10627.73,10651.26,0,0,2024-05-29 11:00:00
10651.92,10658.3,10620.04,10626.28,0,0,2024-05-29 12:00:00
10621.17,10645.26,10610.3,10613.6,0,0,2024-05-29 13:00:00
10611.82,10621.12,10593.68,10594.78,0,0,2024-05-29 14:00:00
10593.99,10593.99,10464.88,10530.52,0,0,2024-05-29 15:00:00
10528.33,10581.9,10527.91,10578.85,0,0,2024-05-29 16:00:00
10578.84,10597.29,10479.16,10479.16,0,0,2024-05-29 17:00:00
10501.15,10548.46,10460.45,10489.21,0,0,2024-05-30 10:00:00
10488.32,10521.61,10458.93,10515.96,0,0,2024-05-30 11:00:00
10516.57,10520.83,10469.15,10474.13,0,0,2024-05-30 12:00:00
10476.72,10481.64,10450.78,10456.6,0,0,2024-05-30 13:00:00
10458.14,10518.44,10432.93,10511.09,0,0,2024-05-30 14:00:00
10509.75,10509.75,10414.48,10423.03,0,0,2024-05-30 15:00:00
10418.98,10497.87,10416.1,10497.24,0,0,2024-05-30 16:00:00
10500.75,10503.85,10453.08,10481.3,0,0,2024-05-30 17:00:00
10519.11,10716.61,10519.11,10716.08,0,0,2024-05-31 10:00:00
10721.47,10724.5,10673.51,10679.59,0,0,2024-05-31 11:00:00
10681.81,10681.81,10633.12,10634.06,0,0,2024-05-31 12:00:00
10632.0,10646.5,10607.84,10614.96,0,0,2024-05-31 13:00:00
10610.86,10623.47,10561.06,10561.61,0,0,2024-05-31 14:00:00
10556.66,10571.34,10491.19,10491.19,0,0,2024-05-31 15:00:00
10481.4,10485.07,10406.83,10420.99,0,0,2024-05-31 16:00:00
10420.08,10450.44,10359.7,10400.48,0,0,2024-05-31 17:00:00
10443.16,10452.81,10336.8,10412.45,0,0,2024-06-03 10:00:00
10414.09,10486.73,10413.92,10445.4,0,0,2024-06-03 11:00:00
10450.27,10468.07,10397.47,10460.96,0,0,2024-06-03 12:00:00
10462.16,10462.7,10435.9,10446.28,0,0,2024-06-03 13:00:00
10447.38,10482.11,10434.98,10477.13,0,0,2024-06-03 14:00:00
10487.3,10562.95,10468.45,10553.22,0,0,2024-06-03 15:00:00
10560.93,10564.38,10464.72,10474.76,0,0,2024-06-03 16:00:00
10473.08,10557.3,10463.6,10556.8,0,0,2024-06-03 17:00:00
10576.56,10606.93,10525.8,10529.49,0,0,2024-06-04 10:00:00
10531.1,10559.99,10511.43,10541.22,0,0,2024-06-04 11:00:00
10542.06,10573.25,10531.61,10544.37,0,0,2024-06-04 12:00:00
10545.9,10545.9,10467.17,10475.63,0,0,2024-06-04 13:00:00
10475.3,10479.31,10435.44,10453.11,0,0,2024-06-04 14:00:00
10448.32,10454.56,10415.61,10430.84,0,0,2024-06-04 15:00:00
10435.51,10504.81,10419.85,10481.69,0,0,2024-06-04 16:00:00
10484.68,10515.9,10363.71,10364.56,0,0,2024-06-04 17:00:00
10403.23,10416.61,10268.46,10326.13,0,0,2024-06-05 10:00:00
10329.55,10363.2,10292.66,10297.99,0,0,2024-06-05 11:00:00
10294.9,10337.91,10289.81,10308.74,0,0,2024-06-05 12:00:00
10308.24,10354.73,10298.17,10303.84,0,0,2024-06-05 13:00:00
10301.36,10320.22,10280.26,10292.37,0,0,2024-06-05 14:00:00
10293.18,10308.91,10269.19,10273.33,0,0,2024-06-05 15:00:00
10271.6,10397.81,10241.34,10396.96,0,0,2024-06-05 16:00:00
10400.02,10434.13,10315.62,10350.96,0,0,2024-06-05 17:00:00
10391.45,10445.4,10388.34,10412.58,0,0,2024-06-06 10:00:00
10411.93,10433.68,10396.06,10396.06,0,0,2024-06-06 11:00:00
10393.94,10439.9,10392.89,10415.66,0,0,2024-06-06 12:00:00
10414.33,10425.94,10398.04,10399.63,0,0,2024-06-06 13:00:00
10398.21,10419.38,10386.83,10400.69,0,0,2024-06-06 14:00:00
10401.26,10408.83,10353.73,10354.45,0,0,2024-06-06 15:00:00
10353.23,10358.68,10296.42,10318.08,0,0,2024-06-06 16:00:00
10314.1,10346.89,10276.43,10279.69,0,0,2024-06-06 17:00:00
10322.45,10332.39,10221.73,10224.19,0,0,2024-06-07 10:00:00
10222.51,10238.01,10202.42,10210.24,0,0,2024-06-07 11:00:00
10210.11,10250.61,10196.77,10223.83,0,0,2024-06-07 12:00:00
10224.25,10228.92,10181.19,10182.46,0,0,2024-06-07 13:00:00
10182.24,10219.77,10180.63,10213.22,0,0,2024-06-07 14:00:00
10222.92,10252.06,10155.48,10166.71,0,0,2024-06-07 15:00:00
10162.71,10212.0,10161.28,10165.6,0,0,2024-06-07 16:00:00
10167.07,10167.5,10113.83,10138.97,0,0,2024-06-07 17:00:00
10132.42,10142.95,10020.25,10065.89,0,0,2024-06-10 10:00:00
10063.68,10078.38,10032.05,10071.96,0,0,2024-06-10 11:00:00
10069.25,10082.06,10043.48,10067.38,0,0,2024-06-10 12:00:00
10064.86,10097.43,10059.39,10069.78,0,0,2024-06-10 13:00:00
10069.56,10095.38,10058.33,10076.48,0,0,2024-06-10 14:00:00
10077.09,10077.82,10036.68,10037.74,0,0,2024-06-10 15:00:00
10035.18,10104.23,10029.38,10067.25,0,0,2024-06-10 16:00:00
10067.93,10068.5,9987.47,9997.91,0,0,2024-06-10 17:00:00
10003.41,10087.18,9959.11,10055.77,0,0,2024-06-11 10:00:00
10058.92,10060.59,10017.24,10038.77,0,0,2024-06-11 11:00:00
10039.49,10098.68,10020.28,10095.01,0,0,2024-06-11 12:00:00
10095.47,10164.29,10090.14,10129.49,0,0,2024-06-11 13:00:00
10133.65,10160.43,10109.33,10112.6,0,0,2024-06-11 14:00:00
10112.94,10123.59,10068.85,10089.54,0,0,2024-06-11 15:00:00
10088.25,10138.03,10086.17,10109.45,0,0,2024-06-11 16:00:00
10109.41,10131.58,10048.76,10051.37,0,0,2024-06-11 17:00:00
10062.81,10151.24,10044.53,10133.08,0,0,2024-06-12 10:00:00
10132.84,10190.74,10116.2,10121.52,0,0,2024-06-12 11:00:00
10120.76,10133.25,10101.35,10103.98,0,0,2024-06-12 12:00:00
10102.09,10135.04,10094.61,10111.16,0,0,2024-06-12 13:00:00
10107.92,10119.75,10092.03,10092.45,0,0,2024-06-12 14:00:00
10090.86,10115.29,10067.53,10111.02,0,0,2024-06-12 15:00:00
10110.57,10224.69,10110.57,10146.15,0,0,2024-06-12 16:00:00
10146.5,10230.79,10133.42,10165.52,0,0,2024-06-12 17:00:00
10320.02,10448.64,10320.02,10429.98,0,0,2024-06-13 10:00:00
10432.54,10445.42,10394.84,10402.77,0,0,2024-06-13 11:00:00
10402.49,10422.25,10391.9,10408.48,0,0,2024-06-13 12:00:00
10409.49,10411.66,10382.18,10396.16,0,0,2024-06-13 13:00:00
10397.15,10424.4,10369.95,10373.52,0,0,2024-06-13 14:00:00
10370.19,10422.43,10369.49,10422.43,0,0,2024-06-13 15:00:00
10421.97,10432.57,10393.47,10407.31,0,0,2024-06-13 16:00:00
10406.39,10422.79,10386.6,10391.89,0,0,2024-06-13 17:00:00
10528.92,10542.17,10479.42,10506.28,0,0,2024-06-14 10:00:00
10507.58,10573.47,10507.58,10551.68,0,0,2024-06-14 11:00:00
10556.65,10570.48,10529.46,10533.8,0,0,2024-06-14 12:00:00
10519.38,10522.75,10474.66,10495.62,0,0,2024-06-14 13:00:00
10494.53,10495.86,10440.33,10440.33,0,0,2024-06-14 14:00:00
10436.04,10463.18,10403.73,10462.71,0,0,2024-06-14 15:00:00
10465.22,10465.93,10420.77,10433.71,0,0,2024-06-14 16:00:00
10434.92,10471.32,10416.01,10471.32,0,0,2024-06-14 17:00:00
10588.16,10630.36,10571.09,10611.53,0,0,2024-06-20 10:00:00
10609.72,10651.17,10608.23,10622.94,0,0,2024-06-20 11:00:00
10624.69,10638.73,10615.13,10638.72,0,0,2024-06-20 12:00:00
10638.78,10648.42,10617.39,10618.33,0,0,2024-06-20 13:00:00
10618.07,10642.83,10618.07,10632.92,0,0,2024-06-20 14:00:00
10633.68,10636.0,10607.49,10623.98,0,0,2024-06-20 15:00:00
10624.87,10681.55,10622.84,10667.69,0,0,2024-06-20 16:00:00
10667.31,10739.94,10658.02,10739.94,0,0,2024-06-20 17:00:00
10754.37,10765.0,10724.38,10730.18,0,0,2024-06-21 10:00:00
10724.98,10752.84,10709.55,10743.79,0,0,2024-06-21 11:00:00
10742.39,10760.21,10729.02,10738.89,0,0,2024-06-21 12:00:00
10739.02,10755.75,10724.1,10751.62,0,0,2024-06-21 13:00:00
10751.07,10758.73,10728.67,10752.0,0,0,2024-06-21 14:00:00
10751.23,10770.47,10737.55,10750.98,0,0,2024-06-21 15:00:00
10748.94,10792.92,10733.27,10744.42,0,0,2024-06-21 16:00:00
10744.95,10785.07,10736.23,10771.36,0,0,2024-06-21 17:00:00
10791.65,10823.74,10784.44,10801.75,0,0,2024-06-24 10:00:00
10803.08,10803.08,10722.52,10730.88,0,0,2024-06-24 11:00:00
10729.97,10774.2,10725.53,10772.2,0,0,2024-06-24 12:00:00
10773.18,10777.31,10743.71,10744.19,0,0,2024-06-24 13:00:00
10745.15,10763.86,10728.02,10735.12,0,0,2024-06-24 14:00:00
10732.67,10734.46,10683.84,10691.97,0,0,2024-06-24 15:00:00
10687.85,10706.15,10669.83,10681.26,0,0,2024-06-24 16:00:00
10681.23,10782.12,10680.65,10767.85,0,0,2024-06-24 17:00:00
10780.64,10791.51,10674.87,10679.27,0,0,2024-06-25 10:00:00
10671.73,10698.08,10656.04,10673.55,0,0,2024-06-25 11:00:00
10671.64,10676.12,10649.78,10658.7,0,0,2024-06-25 12:00:00
10655.82,10717.86,10645.24,10696.59,0,0,2024-06-25 13:00:00
10696.2,10744.19,10683.4,10684.15,0,0,2024-06-25 14:00:00
10685.1,10735.22,10678.91,10727.17,0,0,2024-06-25 15:00:00
10723.7,10757.79,10707.88,10707.88,0,0,2024-06-25 16:00:00
10708.31,10738.78,10679.98,10679.98,0,0,2024-06-25 17:00:00
10680.5,10705.15,10590.47,10591.38,0,0,2024-06-26 10:00:00
10593.26,10617.31,10578.95,10586.73,0,0,2024-06-26 11:00:00
10586.35,10606.91,10576.28,10584.12,0,0,2024-06-26 12:00:00
10583.71,10638.66,10583.33,10600.17,0,0,2024-06-26 13:00:00
10598.27,10601.26,10557.84,10590.93,0,0,2024-06-26 14:00:00
10590.72,10595.89,10540.11,10545.74,0,0,2024-06-26 15:00:00
10546.58,10599.14,10534.66,10573.81,0,0,2024-06-26 16:00:00
10574.52,10594.34,10486.7,10486.7,0,0,2024-06-26 17:00:00
10518.2,10584.21,10518.2,10535.66,0,0,2024-06-27 10:00:00
10535.8,10565.74,10532.44,10550.46,0,0,2024-06-27 11:00:00
10552.55,10569.8,10548.22,10565.19,0,0,2024-06-27 12:00:00
10566.2,10585.54,10554.29,10574.0,0,0,2024-06-27 13:00:00
10574.44,10579.37,10538.75,10561.17,0,0,2024-06-27 14:00:00
10558.32,10607.75,10527.28,10602.26,0,0,2024-06-27 15:00:00
10606.12,10675.72,10606.12,10675.72,0,0,2024-06-27 16:00:00
10679.86,10714.38,10654.38,10680.91,0,0,2024-06-27 17:00:00
10738.78,10806.69,10722.72,10751.2,0,0,2024-06-28 10:00:00
10748.74,10784.81,10744.46,10769.51,0,0,2024-06-28 11:00:00
10769.23,10783.61,10705.25,10743.78,0,0,2024-06-28 12:00:00
10744.14,10744.22,10694.22,10695.64,0,0,2024-06-28 13:00:00
10693.78,10719.79,10680.92,10716.66,0,0,2024-06-28 14:00:00
10718.67,10764.54,10709.9,10762.01,0,0,2024-06-28 15:00:00
10766.38,10778.3,10744.72,10778.3,0,0,2024-06-28 16:00:00
10781.13,10796.57,10609.36,10647.91,0,0,2024-06-28 17:00:00
10714.07,10741.16,10553.49,10554.27,0,0,2024-07-01 10:00:00
10545.7,10617.78,10506.89,10506.89,0,0,2024-07-01 11:00:00
10506.96,10526.03,10392.25,10405.81,0,0,2024-07-01 12:00:00
10399.46,10423.18,10347.69,10379.97,0,0,2024-07-01 13:00:00
10376.48,10415.29,10361.01,10413.96,0,0,2024-07-01 14:00:00
10413.83,10436.53,10376.49,10381.04,0,0,2024-07-01 15:00:00
10381.66,10405.22,10304.81,10307.72,0,0,2024-07-01 16:00:00
10308.74,10343.31,10256.69,10343.31,0,0,2024-07-01 17:00:00
10354.95,10405.29,10265.45,10396.32,0,0,2024-07-02 10:00:00
10396.98,10416.39,10357.63,10384.21,0,0,2024-07-02 11:00:00
10382.6,10391.51,10355.83,10376.0,0,0,2024-07-02 12:00:00
10375.55,10391.27,10328.44,10335.82,0,0,2024-07-02 13:00:00
10336.14,10338.85,10297.43,10329.32,0,0,2024-07-02 14:00:00
10330.11,10384.05,10328.3,10364.26,0,0,2024-07-02 15:00:00
10363.81,10438.33,10363.81,10387.09,0,0,2024-07-02 16:00:00
10387.59,10446.24,10346.0,10446.24,0,0,2024-07-02 17:00:00
10494.72,10624.67,10494.72,10565.2,0,0,2024-07-03 10:00:00
10568.71,10593.97,10539.38,10543.16,0,0,2024-07-03 11:00:00
10539.13,10539.13,10520.91,10534.87,0,0,2024-07-03 12:00:00
10534.66,10547.52,10481.21,10500.2,0,0,2024-07-03 14:00:00
10491.16,10537.61,10491.16,10498.52,0,0,2024-07-03 15:00:00
10500.87,10572.48,10500.87,10568.19,0,0,2024-07-03 16:00:00
10590.18,10688.0,10575.72,10682.15,0,0,2024-07-03 17:00:00
10715.32,10749.14,10684.4,10716.35,0,0,2024-07-04 10:00:00
10719.03,10733.73,10705.56,10728.13,0,0,2024-07-04 11:00:00
10726.92,10756.08,10721.35,10735.25,0,0,2024-07-04 12:00:00
10734.69,10742.92,10714.66,10734.28,0,0,2024-07-04 13:00:00
10734.14,10817.22,10715.87,10809.45,0,0,2024-07-04 14:00:00
10810.97,10829.78,10789.35,10826.06,0,0,2024-07-04 15:00:00
10825.8,10895.13,10809.68,10866.65,0,0,2024-07-04 16:00:00
10867.72,10877.25,10830.97,10872.56,0,0,2024-07-04 17:00:00
10909.45,10943.05,10862.2,10902.21,0,0,2024-07-05 10:00:00
10897.72,10913.6,10858.21,10881.14,0,0,2024-07-05 11:00:00
10879.98,10907.83,10879.98,10888.97,0,0,2024-07-05 12:00:00
10887.68,10900.92,10852.16,10855.11,0,0,2024-07-05 13:00:00
10853.73,10882.93,10837.32,10861.79,0,0,2024-07-05 14:00:00
10860.41,10912.35,10851.54,10876.78,0,0,2024-07-05 15:00:00
10869.94,10881.14,10814.69,10829.02,0,0,2024-07-05 16:00:00
10828.67,10851.78,10781.57,10851.78,0,0,2024-07-05 17:00:00
10901.9,10960.78,10901.9,10903.38,0,0,2024-07-08 10:00:00
10904.04,10930.45,10892.25,10929.17,0,0,2024-07-08 11:00:00
10929.34,10953.54,10914.72,10942.31,0,0,2024-07-08 12:00:00
10939.63,10944.91,10900.42,10904.4,0,0,2024-07-08 13:00:00
10902.21,10937.31,10897.28,10924.99,0,0,2024-07-08 14:00:00
10924.61,10934.88,10908.28,10915.22,0,0,2024-07-08 15:00:00
10915.37,10934.04,10844.53,10849.89,0,0,2024-07-08 16:00:00
10881.54,10882.87,10834.72,10864.08,0,0,2024-07-08 17:00:00
10889.0,10899.84,10849.45,10856.81,0,0,2024-07-09 10:00:00
10854.64,10894.12,10841.54,10873.68,0,0,2024-07-09 11:00:00
10874.68,10893.07,10861.52,10878.5,0,0,2024-07-09 12:00:00
10878.19,10894.07,10862.73,10866.34,0,0,2024-07-09 13:00:00
10866.23,10888.87,10847.84,10851.78,0,0,2024-07-09 14:00:00
10851.22,10857.89,10808.28,10835.1,0,0,2024-07-09 15:00:00
10829.92,10848.46,10782.36,10799.9,0,0,2024-07-09 16:00:00
10800.05,10809.48,10772.58,10796.57,0,0,2024-07-09 17:00:00
10817.56,10820.9,10723.02,10728.14,0,0,2024-07-10 10:00:00
10725.98,10756.34,10710.39,10741.24,0,0,2024-07-10 11:00:00
10742.81,10765.5,10736.27,10737.58,0,0,2024-07-10 12:00:00
10737.92,10778.29,10736.9,10765.85,0,0,2024-07-10 13:00:00
10764.15,10768.55,10736.94,10737.28,0,0,2024-07-10 14:00:00
10736.54,10765.23,10721.5,10739.77,0,0,2024-07-10 15:00:00
10739.45,10782.49,10733.53,10770.99,0,0,2024-07-10 16:00:00
10773.73,10826.55,10743.3,10743.3,0,0,2024-07-10 17:00:00
10832.87,10924.15,10832.87,10920.4,0,0,2024-07-11 10:00:00
10925.28,10931.47,10894.18,10923.56,0,0,2024-07-11 11:00:00
10926.36,10933.6,10917.8,10929.36,0,0,2024-07-11 12:00:00
10929.02,10932.41,10912.71,10931.78,0,0,2024-07-11 13:00:00
10931.54,10954.48,10920.33,10943.11,0,0,2024-07-11 14:00:00
10944.2,10990.85,10940.51,10971.99,0,0,2024-07-11 15:00:00
10974.45,11007.71,10974.07,11007.71,0,0,2024-07-11 16:00:00
11007.35,11024.33,10978.54,11024.33,0,0,2024-07-11 17:00:00
11035.13,11067.58,10997.81,11022.08,0,0,2024-07-12 10:00:00
11018.69,11054.23,11018.69,11030.96,0,0,2024-07-12 11:00:00
11030.53,11041.92,11019.99,11035.5,0,0,2024-07-12 12:00:00
11034.6,11037.4,11013.13,11021.73,0,0,2024-07-12 13:00:00
11020.95,11074.11,11014.14,11066.57,0,0,2024-07-12 14:00:00
11067.79,11088.54,11049.07,11052.5,0,0,2024-07-12 15:00:00
11055.03,11112.53,11055.03,11106.51,0,0,2024-07-12 16:00:00
11105.57,11105.57,11045.84,11064.85,0,0,2024-07-12 17:00:00
11109.68,11185.41,11109.68,11177.12,0,0,2024-07-16 10:00:00
11172.96,11173.75,11125.6,11130.93,0,0,2024-07-16 11:00:00
11130.31,11137.01,11112.42,11117.84,0,0,2024-07-16 12:00:00
11117.57,11134.1,11113.38,11130.98,0,0,2024-07-16 13:00:00
11129.61,11130.66,11104.18,11126.52,0,0,2024-07-16 14:00:00
11126.53,11150.85,11118.13,11150.79,0,0,2024-07-16 15:00:00
11151.31,11171.02,11144.04,11171.02,0,0,2024-07-16 16:00:00
11169.04,11184.36,11131.53,11139.34,0,0,2024-07-16 17:00:00
11152.32,11152.32,11058.26,11079.27,0,0,2024-07-17 10:00:00
11077.86,11092.82,11064.87,11073.07,0,0,2024-07-17 11:00:00
11070.74,11095.07,11070.74,11085.72,0,0,2024-07-17 12:00:00
11086.27,11086.27,11046.4,11058.65,0,0,2024-07-17 13:00:00
11058.68,11070.03,11047.27,11060.21,0,0,2024-07-17 14:00:00
11062.22,11103.55,11061.91,11093.13,0,0,2024-07-17 15:00:00
11091.43,11161.71,11090.94,11151.78,0,0,2024-07-17 16:00:00
11159.44,11168.2,11125.75,11134.08,0,0,2024-07-17 17:00:00
11194.41,11250.05,11176.82,11185.64,0,0,2024-07-18 10:00:00
11183.41,11207.6,11169.17,11206.83,0,0,2024-07-18 11:00:00
11207.23,11215.95,11187.34,11190.87,0,0,2024-07-18 12:00:00
11189.29,11195.5,11178.02,11181.88,0,0,2024-07-18 13:00:00
11181.34,11220.33,11181.06,11217.03,0,0,2024-07-18 14:00:00
11217.89,11238.65,11196.73,11236.81,0,0,2024-07-18 15:00:00
11237.94,11238.72,11212.7,11219.58,0,0,2024-07-18 16:00:00
11219.02,11220.68,11107.72,11139.46,0,0,2024-07-18 17:00:00
11144.59,11177.73,11114.13,11117.04,0,0,2024-07-19 10:00:00
11120.54,11133.01,11083.61,11127.9,0,0,2024-07-19 11:00:00
11128.18,11140.71,11118.65,11121.71,0,0,2024-07-19 12:00:00
11118.47,11153.52,11117.63,11147.28,0,0,2024-07-19 13:00:00
11144.89,11192.97,11144.89,11162.76,0,0,2024-07-19 14:00:00
11160.78,11182.95,11149.24,11176.2,0,0,2024-07-19 15:00:00
11176.63,11179.95,11127.99,11133.29,0,0,2024-07-19 16:00:00
11134.24,11157.62,11116.22,11156.2,0,0,2024-07-19 17:00:00
11182.64,11236.97,11123.66,11227.24,0,0,2024-07-22 10:00:00
11225.44,11233.43,11203.27,11209.4,0,0,2024-07-22 11:00:00
11210.07,11226.65,11208.67,11224.29,0,0,2024-07-22 12:00:00
11224.37,11245.53,11221.84,11228.9,0,0,2024-07-22 13:00:00
11228.23,11236.19,11213.92,11220.24,0,0,2024-07-22 14:00:00
11220.04,11234.1,11208.88,11224.08,0,0,2024-07-22 15:00:00
11225.29,11239.8,11204.98,11209.58,0,0,2024-07-22 16:00:00
11208.55,11211.1,11159.95,11172.75,0,0,2024-07-22 17:00:00
11185.98,11186.1,11066.01,11069.53,0,0,2024-07-23 10:00:00
11068.23,11109.58,11055.95,11087.17,0,0,2024-07-23 11:00:00
11089.5,11105.62,11086.12,11088.98,0,0,2024-07-23 12:00:00
11088.52,11111.9,11088.52,11109.41,0,0,2024-07-23 13:00:00
11106.68,11129.97,11081.35,11095.65,0,0,2024-07-23 14:00:00
11095.52,11099.03,11041.99,11068.61,0,0,2024-07-23 15:00:00
11069.78,11159.99,11067.14,11158.81,0,0,2024-07-23 16:00:00
11165.34,11167.89,11089.53,11089.53,0,0,2024-07-23 17:00:00
11092.63,11093.07,11043.11,11051.54,0,0,2024-07-24 10:00:00
11051.21,11065.78,11021.38,11023.1,0,0,2024-07-24 11:00:00
11023.94,11046.61,11018.85,11044.71,0,0,2024-07-24 12:00:00
11046.63,11074.06,11043.82,11050.61,0,0,2024-07-24 13:00:00
11047.08,11098.74,11045.36,11089.71,0,0,2024-07-24 14:00:00
11089.89,11119.5,11068.89,11112.67,0,0,2024-07-24 15:00:00
11113.75,11114.39,11054.69,11056.73,0,0,2024-07-24 16:00:00
11056.1,11059.29,10991.57,10991.57,0,0,2024-07-24 17:00:00
10989.16,11016.93,10938.42,10992.44,0,0,2024-07-25 10:00:00
10993.34,11000.05,10978.39,10981.71,0,0,2024-07-25 11:00:00
10981.81,10983.51,10954.1,10970.08,0,0,2024-07-25 12:00:00
10970.1,10990.08,10964.72,10966.46,0,0,2024-07-25 13:00:00
10966.32,10974.1,10911.29,10912.42,0,0,2024-07-25 14:00:00
10907.99,10931.59,10904.53,10917.83,0,0,2024-07-25 15:00:00
10917.69,10928.06,10861.58,10868.49,0,0,2024-07-25 16:00:00
10868.75,10906.65,10839.31,10871.48,0,0,2024-07-25 17:00:00
10911.92,10946.44,10907.91,10935.14,0,0,2024-07-26 10:00:00
10935.51,10937.62,10871.71,10872.26,0,0,2024-07-26 11:00:00
10871.92,10883.48,10850.67,10862.13,0,0,2024-07-26 12:00:00
10863.5,10906.31,10859.69,10886.45,0,0,2024-07-26 13:00:00
10884.87,10910.77,10878.08,10902.55,0,0,2024-07-26 14:00:00
10904.74,10921.68,10890.29,10903.0,0,0,2024-07-26 15:00:00
10904.52,10929.29,10882.52,10896.46,0,0,2024-07-26 16:00:00
10894.72,10913.08,10880.92,10891.42,0,0,2024-07-26 17:00:00
10827.98,10871.91,10778.16,10844.46,0,0,2024-07-29 10:00:00
10841.48,10841.74,10814.07,10817.85,0,0,2024-07-29 11:00:00
10821.54,10843.47,10815.49,10819.09,0,0,2024-07-29 12:00:00
10818.11,10845.47,10806.21,10837.43,0,0,2024-07-29 13:00:00
10835.77,10843.54,10798.96,10800.18,0,0,2024-07-29 14:00:00
10798.3,10813.08,10790.86,10793.88,0,0,2024-07-29 15:00:00
10793.38,10815.24,10753.51,10764.94,0,0,2024-07-29 16:00:00
10762.85,10781.15,10730.15,10733.75,0,0,2024-07-29 17:00:00
10756.17,10831.74,10741.17,10812.03,0,0,2024-07-30 10:00:00
10811.56,10812.39,10764.13,10776.64,0,0,2024-07-30 11:00:00
10773.76,10799.34,10766.14,10796.48,0,0,2024-07-30 12:00:00
10793.58,10803.46,10769.54,10769.54,0,0,2024-07-30 13:00:00
10769.47,10770.59,10705.13,10707.55,0,0,2024-07-30 14:00:00
10705.78,10713.18,10666.88,10690.4,0,0,2024-07-30 15:00:00
10690.96,10720.88,10678.39,10690.76,0,0,2024-07-30 16:00:00
10691.15,10740.92,10669.69,10691.68,0,0,2024-07-30 17:00:00
10658.11,10701.75,10606.02,10665.81,0,0,2024-07-31 10:00:00
10665.42,10665.42,10623.23,10626.99,0,0,2024-07-31 11:00:00
10625.63,10631.65,10606.83,10619.0,0,0,2024-07-31 12:00:00
10618.62,10635.01,10604.69,10615.83,0,0,2024-07-31 13:00:00
10614.46,10619.09,10566.99,10608.36,0,0,2024-07-31 14:00:00
10608.52,10670.66,10608.52,10670.66,0,0,2024-07-31 15:00:00
10674.24,10679.67,10632.53,10653.74,0,0,2024-07-31 16:00:00
10654.43,10687.28,10601.0,10638.58,0,0,2024-07-31 17:00:00
10751.99,10801.56,10751.99,10786.27,0,0,2024-08-01 10:00:00
10784.8,10840.6,10783.78,10835.54,0,0,2024-08-01 11:00:00
10836.89,10860.53,10829.16,10835.55,0,0,2024-08-01 12:00:00
10835.8,10870.74,10830.8,10864.21,0,0,2024-08-01 13:00:00
10864.53,10880.04,10843.88,10848.41,0,0,2024-08-01 14:00:00
10846.37,10868.78,10843.6,10857.09,0,0,2024-08-01 15:00:00
10855.77,10866.57,10825.64,10833.6,0,0,2024-08-01 16:00:00
10833.53,10835.95,10789.02,10798.09,0,0,2024-08-01 17:00:00
10661.45,10682.94,10601.63,10639.01,0,0,2024-08-02 10:00:00
10632.12,10638.28,10601.81,10635.26,0,0,2024-08-02 11:00:00
10635.02,10641.53,10613.82,10622.44,0,0,2024-08-02 12:00:00
10622.03,10625.86,10591.45,10607.86,0,0,2024-08-02 13:00:00
10609.47,10609.47,10560.64,10561.65,0,0,2024-08-02 14:00:00
10558.72,10584.35,10501.05,10506.84,0,0,2024-08-02 15:00:00
10506.38,10535.8,10485.22,10489.13,0,0,2024-08-02 16:00:00
10484.85,10525.64,10415.65,10473.47,0,0,2024-08-02 17:00:00
9769.69,9982.51,9733.35,9982.51,0,0,2024-08-05 10:00:00
9997.8,10116.72,9949.0,10107.38,0,0,2024-08-05 11:00:00
10111.95,10115.96,10033.44,10054.59,0,0,2024-08-05 12:00:00
10050.29,10054.43,9961.95,9961.95,0,0,2024-08-05 13:00:00
9948.35,9953.06,9872.32,9875.64,0,0,2024-08-05 14:00:00
9873.17,9890.37,9786.53,9871.37,0,0,2024-08-05 15:00:00
9871.53,9979.54,9863.6,9971.88,0,0,2024-08-05 16:00:00
9972.67,10024.58,9893.41,9893.41,0,0,2024-08-05 17:00:00
10161.67,10191.62,10069.82,10070.2,0,0,2024-08-06 10:00:00
10069.81,10093.61,10052.59,10053.62,0,0,2024-08-06 11:00:00
10052.81,10092.92,10030.64,10088.14,0,0,2024-08-06 12:00:00
10088.48,10105.46,10057.39,10057.39,0,0,2024-08-06 13:00:00
10056.5,10093.28,10056.5,10093.28,0,0,2024-08-06 14:00:00
10095.18,10102.83,10053.07,10054.25,0,0,2024-08-06 15:00:00
10053.89,10063.21,9885.32,9933.57,0,0,2024-08-06 16:00:00
9929.95,9975.42,9881.23,9881.23,0,0,2024-08-06 17:00:00
9960.5,9984.91,9903.62,9955.89,0,0,2024-08-07 10:00:00
9961.86,10011.82,9948.38,9999.03,0,0,2024-08-07 11:00:00
9997.3,10034.67,9987.92,10032.32,0,0,2024-08-07 12:00:00
10041.59,10051.18,10016.98,10030.29,0,0,2024-08-07 13:00:00
10030.1,10050.53,10000.55,10002.72,0,0,2024-08-07 14:00:00
10003.64,10006.79,9935.15,9974.73,0,0,2024-08-07 15:00:00
9976.86,10019.18,9964.31,10017.14,0,0,2024-08-07 16:00:00
10018.85,10075.31,10003.41,10024.31,0,0,2024-08-07 17:00:00
10016.8,10086.82,10006.12,10053.0,0,0,2024-08-08 10:00:00
10058.34,10084.5,10047.42,10055.66,0,0,2024-08-08 11:00:00
10055.52,10093.79,10040.46,10090.55,0,0,2024-08-08 12:00:00
10088.31,10120.24,10066.84,10085.96,0,0,2024-08-08 13:00:00
10086.32,10093.69,10070.76,10078.63,0,0,2024-08-08 14:00:00
10078.27,10132.82,10052.91,10132.82,0,0,2024-08-08 15:00:00
10137.66,10146.74,10094.13,10107.54,0,0,2024-08-08 16:00:00
10106.33,10116.06,10057.99,10098.5,0,0,2024-08-08 17:00:00
10160.88,10164.87,10097.67,10097.67,0,0,2024-08-09 10:00:00
10095.96,10104.47,10018.9,10040.37,0,0,2024-08-09 11:00:00
10038.18,10046.58,9949.56,9964.47,0,0,2024-08-09 12:00:00
9966.18,10014.31,9947.93,9975.94,0,0,2024-08-09 13:00:00
9978.39,10007.53,9958.87,9987.29,0,0,2024-08-09 14:00:00
9989.06,9998.94,9918.56,9940.71,0,0,2024-08-09 15:00:00
9937.65,9957.67,9912.26,9936.95,0,0,2024-08-09 16:00:00
9935.67,9989.93,9907.38,9907.38,0,0,2024-08-09 17:00:00
9980.15,10078.12,9938.72,10055.11,0,0,2024-08-12 10:00:00
10064.51,10069.6,9987.67,9987.69,0,0,2024-08-12 11:00:00
9976.99,9989.28,9960.08,9975.16,0,0,2024-08-12 12:00:00
9975.39,10000.38,9953.95,9953.95,0,0,2024-08-12 13:00:00
9951.06,9968.45,9886.14,9928.26,0,0,2024-08-12 14:00:00
9917.6,9934.47,9876.2,9898.55,0,0,2024-08-12 15:00:00
9901.23,9931.87,9823.02,9823.36,0,0,2024-08-12 16:00:00
9820.74,9878.72,9808.58,9828.56,0,0,2024-08-12 17:00:00
9842.18,9862.92,9785.29,9816.81,0,0,2024-08-13 10:00:00
9820.21,9833.24,9786.35,9809.11,0,0,2024-08-13 11:00:00
9812.38,9823.88,9796.31,9810.09,0,0,2024-08-13 12:00:00
9810.02,9812.38,9794.79,9801.1,0,0,2024-08-13 13:00:00
9801.1,9844.52,9787.48,9804.37,0,0,2024-08-13 14:00:00
9802.89,9819.98,9783.1,9803.27,0,0,2024-08-13 15:00:00
9804.99,9816.78,9708.95,9738.98,0,0,2024-08-13 16:00:00
9736.35,9920.61,9725.82,9920.61,0,0,2024-08-13 17:00:00
9976.68,9982.04,9917.21,9967.01,0,0,2024-08-14 10:00:00
9964.11,9969.08,9905.95,9911.45,0,0,2024-08-14 11:00:00
9908.94,9950.09,9906.33,9932.14,0,0,2024-08-14 12:00:00
9934.79,9960.58,9929.82,9940.58,0,0,2024-08-14 13:00:00
9939.45,9943.21,9916.49,9925.68,0,0,2024-08-14 14:00:00
9924.8,9968.69,9872.99,9880.07,0,0,2024-08-14 15:00:00
9872.56,9889.94,9825.29,9841.74,0,0,2024-08-14 16:00:00
9842.91,9880.68,9830.94,9830.94,0,0,2024-08-14 17:00:00
9874.42,9883.0,9764.16,9812.88,0,0,2024-08-15 10:00:00
9812.61,9835.22,9787.03,9827.92,0,0,2024-08-15 11:00:00
9819.58,9824.09,9791.28,9808.27,0,0,2024-08-15 12:00:00
9810.16,9839.4,9796.56,9809.48,0,0,2024-08-15 13:00:00
9810.69,9818.77,9791.1,9801.13,0,0,2024-08-15 14:00:00
9795.62,9927.12,9791.82,9927.12,0,0,2024-08-15 15:00:00
9925.13,9964.16,9912.4,9947.13,0,0,2024-08-15 16:00:00
9951.13,9982.98,9923.34,9982.98,0,0,2024-08-15 17:00:00
10041.43,10053.14,9952.35,9959.1,0,0,2024-08-16 10:00:00
9952.12,9995.76,9938.56,9978.36,0,0,2024-08-16 11:00:00
9978.36,9996.51,9967.93,9985.76,0,0,2024-08-16 12:00:00
9983.7,9984.39,9935.36,9937.23,0,0,2024-08-16 13:00:00
9935.55,9947.89,9897.2,9904.13,0,0,2024-08-16 14:00:00
9901.69,10002.25,9901.69,9923.3,0,0,2024-08-16 15:00:00
9920.03,9932.12,9847.76,9849.35,0,0,2024-08-16 16:00:00
9848.03,9890.03,9821.96,9821.96,0,0,2024-08-16 17:00:00
9866.98,9866.98,9797.61,9848.64,0,0,2024-08-19 10:00:00
9848.61,9879.66,9823.02,9857.98,0,0,2024-08-19 11:00:00
9853.29,9899.61,9840.89,9899.61,0,0,2024-08-19 12:00:00
9901.93,9926.69,9893.25,9901.38,0,0,2024-08-19 13:00:00
9900.82,9955.76,9898.2,9939.64,0,0,2024-08-19 14:00:00
9942.29,9980.16,9939.1,9945.79,0,0,2024-08-19 15:00:00
9945.39,9991.32,9944.75,9970.75,0,0,2024-08-19 16:00:00
9968.08,10060.45,9968.08,10054.2,0,0,2024-08-19 17:00:00
10038.19,10108.55,10011.19,10030.91,0,0,2024-08-20 10:00:00
10032.44,10089.29,10016.94,10062.94,0,0,2024-08-20 11:00:00
10064.85,10087.46,10039.31,10055.72,0,0,2024-08-20 12:00:00
10055.0,10076.78,10050.53,10066.94,0,0,2024-08-20 13:00:00
10066.58,10094.69,10006.38,10017.34,0,0,2024-08-20 14:00:00
10009.75,10020.5,9951.61,10001.25,0,0,2024-08-20 15:00:00
10000.25,10053.53,9967.59,9976.13,0,0,2024-08-20 16:00:00
9972.89,10019.81,9971.44,9982.28,0,0,2024-08-20 17:00:00
9966.57,10049.83,9952.35,10033.77,0,0,2024-08-21 10:00:00
10034.09,10061.4,10013.9,10061.4,0,0,2024-08-21 11:00:00
10059.74,10079.85,10036.51,10047.73,0,0,2024-08-21 12:00:00
10047.69,10057.27,10006.15,10010.13,0,0,2024-08-21 13:00:00
10010.11,10023.81,9975.55,10017.62,0,0,2024-08-21 14:00:00
10012.27,10025.44,9974.55,9999.47,0,0,2024-08-21 15:00:00
9995.49,9998.78,9923.1,9958.37,0,0,2024-08-21 16:00:00
9961.18,9967.5,9898.97,9904.79,0,0,2024-08-21 17:00:00
9979.48,10030.53,9967.71,9987.93,0,0,2024-08-22 10:00:00
9989.38,9995.69,9907.41,9926.54,0,0,2024-08-22 11:00:00
9926.64,9949.28,9912.97,9928.93,0,0,2024-08-22 12:00:00
9926.15,9939.29,9917.06,9919.96,0,0,2024-08-22 13:00:00
9917.91,9968.38,9912.53,9955.35,0,0,2024-08-22 14:00:00
9953.97,9973.4,9901.35,9903.13,0,0,2024-08-22 15:00:00
9901.69,9917.64,9869.68,9899.76,0,0,2024-08-22 16:00:00
9901.68,9944.2,9894.75,9921.4,0,0,2024-08-22 17:00:00
9927.42,9934.71,9838.55,9839.74,0,0,2024-08-23 10:00:00
9836.99,9844.66,9803.84,9827.25,0,0,2024-08-23 11:00:00
9828.46,9832.68,9785.92,9791.85,0,0,2024-08-23 12:00:00
9787.38,9804.59,9781.43,9799.81,0,0,2024-08-23 13:00:00
9800.93,9829.47,9763.75,9764.16,0,0,2024-08-23 14:00:00
9763.0,9779.11,9738.6,9747.64,0,0,2024-08-23 15:00:00
9746.94,9775.51,9738.01,9765.68,0,0,2024-08-23 16:00:00
9770.08,9845.28,9652.22,9668.1,0,0,2024-08-23 17:00:00
9739.8,9744.61,9639.48,9643.16,0,0,2024-08-26 10:00:00
9641.42,9646.16,9574.42,9618.59,0,0,2024-08-26 11:00:00
9619.62,9667.54,9612.91,9648.05,0,0,2024-08-26 12:00:00
9645.59,9658.56,9611.6,9637.58,0,0,2024-08-26 13:00:00
9636.18,9655.71,9616.25,9650.81,0,0,2024-08-26 14:00:00
9654.88,9690.05,9653.27,9683.34,0,0,2024-08-26 15:00:00
9682.26,9743.11,9676.08,9694.71,0,0,2024-08-26 16:00:00
9688.72,9694.34,9553.75,9565.76,0,0,2024-08-26 17:00:00
9561.73,9592.33,9524.44,9563.08,0,0,2024-08-27 10:00:00
9560.97,9607.56,9557.89,9592.12,0,0,2024-08-27 11:00:00
9592.41,9595.85,9570.64,9570.64,0,0,2024-08-27 12:00:00
9566.9,9618.6,9558.92,9608.8,0,0,2024-08-27 13:00:00
9609.07,9701.05,9609.07,9685.83,0,0,2024-08-27 14:00:00
9685.84,9732.67,9658.21,9663.95,0,0,2024-08-27 15:00:00
9666.8,9690.89,9634.77,9640.5,0,0,2024-08-27 16:00:00
9645.42,9748.75,9633.53,9748.75,0,0,2024-08-27 17:00:00
9757.77,9835.88,9749.92,9805.27,0,0,2024-08-28 10:00:00
9802.41,9803.34,9746.58,9757.2,0,0,2024-08-28 11:00:00
9754.65,9782.71,9737.35,9757.55,0,0,2024-08-28 12:00:00
9757.28,9777.4,9757.28,9760.48,0,0,2024-08-28 13:00:00
9758.1,9805.36,9758.1,9791.75,0,0,2024-08-28 14:00:00
9788.01,9792.01,9756.19,9759.05,0,0,2024-08-28 15:00:00
9757.64,9790.88,9744.08,9766.79,0,0,2024-08-28 16:00:00
9769.3,9784.62,9736.91,9757.16,0,0,2024-08-28 17:00:00
9762.37,9773.57,9730.39,9748.07,0,0,2024-08-29 10:00:00
9746.12,9760.08,9706.27,9711.57,0,0,2024-08-29 11:00:00
9708.33,9741.48,9706.6,9719.91,0,0,2024-08-29 12:00:00
9717.75,9747.79,9714.34,9738.2,0,0,2024-08-29 13:00:00
9739.57,9812.3,9739.49,9796.21,0,0,2024-08-29 14:00:00
9802.09,9863.48,9801.53,9861.53,0,0,2024-08-29 15:00:00
9862.1,9888.06,9856.57,9877.12,0,0,2024-08-29 16:00:00
9875.84,9878.8,9823.51,9833.22,0,0,2024-08-29 17:00:00
9879.82,9997.94,9879.82,9988.17,0,0,2024-09-02 10:00:00
9992.62,10053.33,9986.35,10048.28,0,0,2024-09-02 11:00:00
10049.75,10088.19,10046.14,10086.12,0,0,2024-09-02 12:00:00
10086.78,10091.43,10046.43,10057.74,0,0,2024-09-02 13:00:00
10057.21,10077.04,10047.23,10071.93,0,0,2024-09-02 14:00:00
10074.46,10079.37,10055.61,10078.32,0,0,2024-09-02 15:00:00
10077.17,10079.26,10041.14,10057.2,0,0,2024-09-02 16:00:00
10058.61,10115.76,10045.04,10110.18,0,0,2024-09-02 17:00:00
10130.47,10158.66,10084.15,10093.06,0,0,2024-09-03 10:00:00
10094.27,10124.94,10070.15,10083.44,0,0,2024-09-03 11:00:00
10084.43,10084.43,10056.16,10079.83,0,0,2024-09-03 12:00:00
10077.93,10079.33,10046.91,10074.58,0,0,2024-09-03 13:00:00
10075.65,10076.89,10034.38,10056.19,0,0,2024-09-03 14:00:00
10057.52,10091.26,10047.52,10060.31,0,0,2024-09-03 15:00:00
10058.29,10076.66,10012.98,10015.08,0,0,2024-09-03 16:00:00
10014.38,10049.96,9984.35,10021.8,0,0,2024-09-03 17:00:00
9929.83,9982.2,9908.86,9955.95,0,0,2024-09-04 10:00:00
9954.88,9987.26,9945.0,9952.67,0,0,2024-09-04 11:00:00
9952.86,9962.45,9939.39,9946.87,0,0,2024-09-04 12:00:00
9947.59,9965.4,9936.93,9940.62,0,0,2024-09-04 13:00:00
9940.96,9950.72,9896.28,9923.72,0,0,2024-09-04 14:00:00
9924.85,9925.98,9883.38,9902.26,0,0,2024-09-04 15:00:00
9901.08,9926.74,9883.95,9905.15,0,0,2024-09-04 16:00:00
9904.18,9984.93,9880.23,9984.93,0,0,2024-09-04 17:00:00
10030.51,10034.45,9926.02,9958.35,0,0,2024-09-05 10:00:00
9960.89,10002.45,9952.58,9989.48,0,0,2024-09-05 11:00:00
9986.78,9990.22,9955.98,9962.61,0,0,2024-09-05 12:00:00
9961.39,9979.84,9951.97,9965.07,0,0,2024-09-05 13:00:00
9963.34,9975.94,9937.16,9937.16,0,0,2024-09-05 14:00:00
9936.0,9967.93,9915.62,9938.44,0,0,2024-09-05 15:00:00
9937.13,9952.26,9929.13,9940.94,0,0,2024-09-05 16:00:00
9940.6,9974.69,9898.88,9936.76,0,0,2024-09-05 17:00:00
9936.2,9945.69,9879.69,9935.18,0,0,2024-09-06 10:00:00
9939.3,9964.28,9921.99,9954.23,0,0,2024-09-06 11:00:00
9952.55,9963.46,9929.09,9946.36,0,0,2024-09-06 12:00:00
9942.21,9959.27,9939.73,9945.03,0,0,2024-09-06 13:00:00
9943.76,9946.52,9918.52,9919.5,0,0,2024-09-06 14:00:00
9918.78,9977.96,9913.78,9945.45,0,0,2024-09-06 15:00:00
9946.31,9951.36,9879.9,9896.4,0,0,2024-09-06 16:00:00
9892.36,9902.48,9768.83,9771.16,0,0,2024-09-06 17:00:00
9795.24,9836.89,9752.12,9802.52,0,0,2024-09-09 10:00:00
9804.56,9805.38,9752.28,9778.25,0,0,2024-09-09 11:00:00
9778.72,9805.08,9772.36,9779.85,0,0,2024-09-09 12:00:00
9783.79,9810.99,9783.49,9792.06,0,0,2024-09-09 13:00:00
9791.92,9825.92,9777.42,9822.14,0,0,2024-09-09 14:00:00
9824.2,9825.38,9796.99,9797.37,0,0,2024-09-09 15:00:00
9800.35,9800.7,9753.88,9775.94,0,0,2024-09-09 16:00:00
9776.95,9795.4,9699.56,9699.56,0,0,2024-09-09 17:00:00
9737.17,9787.46,9715.32,9778.29,0,0,2024-09-10 10:00:00
9778.67,9783.15,9706.76,9716.04,0,0,2024-09-10 11:00:00
9714.04,9717.59,9686.52,9705.68,0,0,2024-09-10 12:00:00
9704.47,9707.86,9653.78,9656.54,0,0,2024-09-10 13:00:00
9656.86,9670.53,9636.74,9642.63,0,0,2024-09-10 14:00:00
9642.27,9672.34,9607.71,9661.63,0,0,2024-09-10 15:00:00
9664.13,9669.84,9588.15,9650.4,0,0,2024-09-10 16:00:00
9648.31,9703.74,9624.04,9624.04,0,0,2024-09-10 17:00:00
9610.01,9641.34,9575.65,9610.74,0,0,2024-09-11 10:00:00
9609.87,9630.35,9585.75,9587.51,0,0,2024-09-11 11:00:00
9580.67,9610.31,9577.38,9597.85,0,0,2024-09-11 12:00:00
9598.67,9602.4,9572.67,9588.61,0,0,2024-09-11 13:00:00
9586.47,9592.9,9551.57,9574.99,0,0,2024-09-11 14:00:00
9575.23,9592.57,9566.98,9585.86,0,0,2024-09-11 15:00:00
9586.21,9613.03,9441.7,9445.89,0,0,2024-09-11 16:00:00
9440.68,9473.36,9414.66,9419.66,0,0,2024-09-11 17:00:00
9532.38,9551.92,9448.82,9513.03,0,0,2024-09-12 10:00:00
9513.64,9535.05,9483.56,9493.17,0,0,2024-09-12 11:00:00
9493.06,9507.55,9478.89,9494.23,0,0,2024-09-12 12:00:00
9493.79,9499.62,9470.43,9482.78,0,0,2024-09-12 13:00:00
9484.09,9493.0,9445.62,9493.0,0,0,2024-09-12 14:00:00
9494.1,9557.36,9457.49,9465.81,0,0,2024-09-12 15:00:00
9466.56,9466.56,9274.55,9332.72,0,0,2024-09-12 16:00:00
9333.42,9521.04,9281.73,9521.04,0,0,2024-09-12 17:00:00
9537.2,9542.8,9457.11,9459.23,0,0,2024-09-13 10:00:00
9451.23,9482.61,9428.4,9479.87,0,0,2024-09-13 11:00:00
9481.88,9501.34,9467.7,9487.82,0,0,2024-09-13 12:00:00
9486.77,9529.19,9478.7,9499.15,0,0,2024-09-13 13:00:00
9493.91,9534.5,9480.85,9522.3,0,0,2024-09-13 14:00:00
9534.24,9592.58,9529.21,9535.06,0,0,2024-09-13 15:00:00
9531.26,9612.07,9526.22,9612.07,0,0,2024-09-13 16:00:00
9617.88,9685.49,9613.66,9685.49,0,0,2024-09-13 17:00:00
9686.89,9718.51,9650.78,9661.23,0,0,2024-09-16 10:00:00
9660.89,9685.78,9648.63,9679.64,0,0,2024-09-16 11:00:00
9675.87,9698.29,9660.52,9674.02,0,0,2024-09-16 12:00:00
9669.75,9684.51,9654.66,9664.8,0,0,2024-09-16 13:00:00
9662.65,9664.13,9620.03,9635.08,0,0,2024-09-16 14:00:00
9635.6,9644.88,9605.14,9609.65,0,0,2024-09-16 15:00:00
9609.12,9620.6,9568.27,9605.05,0,0,2024-09-16 16:00:00
9605.57,9636.65,9577.46,9577.46,0,0,2024-09-16 17:00:00
9611.59,9706.92,9611.59,9705.74,0,0,2024-09-17 10:00:00
9707.18,9754.42,9707.18,9728.22,0,0,2024-09-17 11:00:00
9729.8,9746.91,9720.96,9741.79,0,0,2024-09-17 12:00:00
9742.57,9763.64,9742.37,9759.33,0,0,2024-09-17 13:00:00
9758.29,9764.17,9725.2,9751.38,0,0,2024-09-17 14:00:00
9755.09,9779.71,9735.36,9751.1,0,0,2024-09-17 15:00:00
9753.34,9764.33,9732.83,9764.06,0,0,2024-09-17 16:00:00
9763.48,9786.13,9744.27,9758.14,0,0,2024-09-17 17:00:00
9753.17,9785.69,9740.63,9761.77,0,0,2024-09-18 10:00:00
9761.78,9786.29,9750.5,9765.42,0,0,2024-09-18 11:00:00
9765.94,9812.47,9763.48,9805.39,0,0,2024-09-18 12:00:00
9807.42,9807.42,9750.34,9750.34,0,0,2024-09-18 13:00:00
9749.99,9780.28,9748.97,9755.06,0,0,2024-09-18 14:00:00
9754.25,9768.75,9745.16,9752.79,0,0,2024-09-18 15:00:00
9753.1,9824.46,9737.08,9800.66,0,0,2024-09-18 16:00:00
9793.02,9803.59,9759.87,9774.49,0,0,2024-09-18 17:00:00
9872.85,9900.6,9852.2,9871.21,0,0,2024-09-19 10:00:00
9871.85,9888.8,9863.37,9887.91,0,0,2024-09-19 11:00:00
9888.49,9920.18,9878.14,9917.83,0,0,2024-09-19 12:00:00
9918.78,9941.95,9915.11,9919.69,0,0,2024-09-19 13:00:00
9920.47,9980.56,9897.36,9940.13,0,0,2024-09-19 14:00:00
9937.33,9964.23,9931.59,9945.37,0,0,2024-09-19 15:00:00
9945.48,9971.72,9940.97,9955.7,0,0,2024-09-19 16:00:00
9957.41,9975.61,9929.62,9975.61,0,0,2024-09-19 17:00:00
9985.03,10008.08,9947.75,9958.93,0,0,2024-09-20 10:00:00
9957.66,9987.74,9951.33,9964.19,0,0,2024-09-20 11:00:00
9963.67,9969.25,9954.32,9964.94,0,0,2024-09-20 12:00:00
9964.78,9977.45,9954.82,9955.33,0,0,2024-09-20 13:00:00
9955.48,9955.48,9910.7,9922.97,0,0,2024-09-20 14:00:00
9923.01,9938.86,9909.15,9922.51,0,0,2024-09-20 15:00:00
9921.93,9955.01,9889.34,9902.22,0,0,2024-09-20 16:00:00
9902.43,9937.42,9900.25,9900.25,0,0,2024-09-20 17:00:00
9959.21,9980.77,9892.57,9896.35,0,0,2024-09-23 10:00:00
9895.03,9927.9,9874.59,9917.85,0,0,2024-09-23 11:00:00
9917.51,9921.63,9886.91,9900.38,0,0,2024-09-23 12:00:00
9898.97,9908.25,9885.59,9904.96,0,0,2024-09-23 13:00:00
9906.23,9932.46,9900.44,9922.47,0,0,2024-09-23 14:00:00
9922.74,9930.56,9892.94,9918.75,0,0,2024-09-23 15:00:00
9917.33,9921.65,9876.14,9892.57,0,0,2024-09-23 16:00:00
9891.34,9913.91,9857.72,9887.75,0,0,2024-09-23 17:00:00
9911.41,9975.88,9883.35,9961.85,0,0,2024-09-24 10:00:00
9961.73,10041.56,9958.29,10023.74,0,0,2024-09-24 11:00:00
10025.0,10076.89,10024.98,10058.03,0,0,2024-09-24 12:00:00
10056.03,10108.15,10051.51,10095.22,0,0,2024-09-24 13:00:00
10093.63,10096.52,10064.76,10065.43,0,0,2024-09-24 14:00:00
10066.64,10085.67,10059.76,10067.74,0,0,2024-09-24 15:00:00
10068.2,10074.95,10041.34,10069.14,0,0,2024-09-24 16:00:00
10068.67,10072.84,10018.47,10029.73,0,0,2024-09-24 17:00:00
10033.67,10054.0,10003.6,10018.54,0,0,2024-09-25 10:00:00
10018.32,10060.39,10016.24,10046.41,0,0,2024-09-25 11:00:00
10046.02,10048.48,10032.93,10044.5,0,0,2024-09-25 12:00:00
10044.83,10046.65,10022.47,10040.21,0,0,2024-09-25 13:00:00
10042.1,10063.58,10025.53,10025.53,0,0,2024-09-25 14:00:00
10024.69,10024.69,9905.36,9905.36,0,0,2024-09-25 15:00:00
9897.82,9945.58,9897.37,9935.22,0,0,2024-09-25 16:00:00
9936.35,9942.1,9886.49,9891.0,0,0,2024-09-25 17:00:00
9953.28,9980.32,9924.57,9964.64,0,0,2024-09-26 10:00:00
9968.23,10029.56,9961.86,10021.97,0,0,2024-09-26 11:00:00
10027.18,10048.92,10013.74,10022.51,0,0,2024-09-26 12:00:00
10022.59,10041.2,9999.21,9999.21,0,0,2024-09-26 13:00:00
9998.27,10000.74,9955.69,9965.5,0,0,2024-09-26 14:00:00
9959.46,9965.26,9832.01,9868.46,0,0,2024-09-26 15:00:00
9866.17,9902.99,9864.41,9887.05,0,0,2024-09-26 16:00:00
9887.97,9890.48,9807.97,9829.19,0,0,2024-09-26 17:00:00
9814.69,9814.69,9728.75,9755.68,0,0,2024-09-27 10:00:00
9758.58,9784.76,9753.19,9778.6,0,0,2024-09-27 11:00:00
9779.22,9779.22,9744.16,9744.16,0,0,2024-09-27 12:00:00
9740.94,9757.77,9737.86,9742.03,0,0,2024-09-27 13:00:00
9742.93,9774.7,9730.76,9740.98,0,0,2024-09-27 14:00:00
9742.48,9755.36,9712.46,9731.53,0,0,2024-09-27 15:00:00
9735.62,9743.44,9701.45,9731.31,0,0,2024-09-27 16:00:00
9730.92,9794.22,9696.01,9777.46,0,0,2024-09-27 17:00:00
9747.67,9756.68,9677.33,9677.33,0,0,2024-09-30 10:00:00
9675.69,9703.61,9675.05,9684.08,0,0,2024-09-30 11:00:00
9684.74,9687.59,9664.55,9683.91,0,0,2024-09-30 12:00:00
9682.96,9692.56,9670.14,9676.53,0,0,2024-09-30 13:00:00
9676.03,9691.03,9656.33,9672.72,0,0,2024-09-30 14:00:00
9671.8,9689.18,9655.81,9678.54,0,0,2024-09-30 15:00:00
9678.06,9701.93,9658.6,9678.51,0,0,2024-09-30 16:00:00
9675.43,9689.09,9643.74,9665.78,0,0,2024-09-30 17:00:00
9673.56,9677.17,9584.06,9605.73,0,0,2024-10-01 10:00:00
9603.22,9621.09,9584.84,9597.27,0,0,2024-10-01 11:00:00
9596.83,9600.25,9529.49,9556.85,0,0,2024-10-01 12:00:00
9556.94,9568.08,9532.88,9560.71,0,0,2024-10-01 13:00:00
9557.94,9579.2,9546.78,9550.41,0,0,2024-10-01 14:00:00
9551.55,9597.17,9528.82,9595.01,0,0,2024-10-01 15:00:00
9604.83,9638.52,9326.48,9375.61,0,0,2024-10-01 16:00:00
9368.15,9395.48,9240.67,9351.22,0,0,2024-10-01 17:00:00
9320.46,9338.9,9226.74,9239.06,0,0,2024-10-02 10:00:00
9241.82,9254.61,9198.35,9254.61,0,0,2024-10-02 11:00:00
9253.68,9254.07,9200.17,9207.42,0,0,2024-10-02 12:00:00
9205.73,9230.59,9176.72,9183.81,0,0,2024-10-02 13:00:00
9184.57,9199.73,9157.62,9187.19,0,0,2024-10-02 14:00:00
9186.45,9232.46,9177.37,9209.35,0,0,2024-10-02 15:00:00
9216.27,9234.7,9110.7,9111.83,0,0,2024-10-02 16:00:00
9109.97,9142.82,9012.87,9012.87,0,0,2024-10-02 17:00:00
9026.49,9068.41,8958.74,9064.05,0,0,2024-10-03 10:00:00
9070.18,9101.82,9045.67,9053.52,0,0,2024-10-03 11:00:00
9053.96,9089.78,9053.09,9069.88,0,0,2024-10-03 12:00:00
9070.33,9089.51,9056.83,9082.25,0,0,2024-10-03 13:00:00
9083.6,9159.02,9077.89,9128.89,0,0,2024-10-03 14:00:00
9129.15,9137.44,9029.44,9036.35,0,0,2024-10-03 15:00:00
9033.36,9045.65,8927.85,8931.94,0,0,2024-10-03 16:00:00
8933.03,8973.47,8872.67,8898.23,0,0,2024-10-03 17:00:00
8953.2,8978.8,8914.06,8922.83,0,0,2024-10-04 10:00:00
8922.85,8970.01,8879.24,8889.27,0,0,2024-10-04 11:00:00
8882.65,8921.48,8873.42,8902.06,0,0,2024-10-04 12:00:00
8902.64,8918.75,8853.19,8863.16,0,0,2024-10-04 13:00:00
8864.53,8903.59,8850.42,8903.59,0,0,2024-10-04 14:00:00
8902.19,8988.4,8864.83,8961.06,0,0,2024-10-04 15:00:00
8972.37,8975.96,8927.88,8956.27,0,0,2024-10-04 16:00:00
8955.94,9109.34,8955.94,9109.34,0,0,2024-10-04 17:00:00
9155.77,9194.78,9107.1,9111.45,0,0,2024-10-07 10:00:00
9113.86,9141.5,9110.96,9119.98,0,0,2024-10-07 11:00:00
9117.84,9167.49,9102.98,9157.58,0,0,2024-10-07 12:00:00
9157.44,9173.16,9147.04,9158.18,0,0,2024-10-07 13:00:00
9156.76,9187.36,9138.33,9138.33,0,0,2024-10-07 14:00:00
9134.79,9164.16,9122.46,9125.0,0,0,2024-10-07 15:00:00
9124.13,9142.75,9048.94,9048.94,0,0,2024-10-07 16:00:00
9042.18,9054.1,9008.13,9031.64,0,0,2024-10-07 17:00:00
9040.75,9063.04,8979.39,9028.86,0,0,2024-10-08 10:00:00
9032.5,9055.57,9010.73,9045.14,0,0,2024-10-08 11:00:00
9051.35,9087.79,9049.98,9060.61,0,0,2024-10-08 12:00:00
9062.24,9079.29,9027.14,9038.17,0,0,2024-10-08 13:00:00
9034.58,9057.29,9027.51,9045.82,0,0,2024-10-08 14:00:00
9045.9,9145.2,9045.9,9104.26,0,0,2024-10-08 15:00:00
9109.37,9150.52,9095.7,9096.88,0,0,2024-10-08 16:00:00
9096.73,9096.73,9007.58,9044.89,0,0,2024-10-08 17:00:00
9043.91,9057.85,8931.06,8950.38,0,0,2024-10-09 10:00:00
8947.25,8967.14,8931.33,8962.81,0,0,2024-10-09 11:00:00
8958.04,8962.53,8943.29,8946.38,0,0,2024-10-09 12:00:00
8946.05,8954.42,8916.22,8927.9,0,0,2024-10-09 13:00:00
8928.01,8950.2,8919.7,8927.2,0,0,2024-10-09 14:00:00
8928.61,8947.57,8903.07,8934.23,0,0,2024-10-09 15:00:00
8932.63,9010.7,8915.22,8992.77,0,0,2024-10-09 16:00:00
8994.14,9132.3,8955.98,9132.3,0,0,2024-10-09 17:00:00
9137.3,9174.87,9092.55,9112.93,0,0,2024-10-10 10:00:00
9118.95,9146.66,9107.66,9124.88,0,0,2024-10-10 11:00:00
9124.86,9152.87,9118.78,9129.99,0,0,2024-10-10 12:00:00
9130.12,9145.58,9118.74,9130.34,0,0,2024-10-10 13:00:00
9129.83,9135.13,9096.74,9106.91,0,0,2024-10-10 14:00:00
9106.33,9108.55,9060.31,9064.55,0,0,2024-10-10 15:00:00
9061.77,9081.1,8985.66,8985.66,0,0,2024-10-10 16:00:00
8979.36,9032.09,8964.1,8964.1,0,0,2024-10-10 17:00:00
8987.04,9032.74,8964.35,9029.27,0,0,2024-10-11 10:00:00
9038.17,9078.37,9023.14,9028.46,0,0,2024-10-11 11:00:00
9037.15,9052.19,9018.13,9026.2,0,0,2024-10-11 12:00:00
9024.79,9039.51,9014.79,9037.54,0,0,2024-10-11 13:00:00
9038.69,9075.24,9031.99,9048.31,0,0,2024-10-11 14:00:00
9050.04,9061.88,9011.28,9041.95,0,0,2024-10-11 15:00:00
9038.03,9039.19,8896.34,8898.91,0,0,2024-10-11 16:00:00
8885.82,8929.6,8839.94,8876.22,0,0,2024-10-11 17:00:00
8885.45,8885.45,8787.11,8790.96,0,0,2024-10-14 10:00:00
8790.36,8793.01,8739.62,8752.67,0,0,2024-10-14 11:00:00
8752.39,8777.58,8745.56,8752.8,0,0,2024-10-14 12:00:00
8749.6,8750.5,8713.19,8717.0,0,0,2024-10-14 13:00:00
8715.86,8757.42,8703.27,8736.9,0,0,2024-10-14 14:00:00
8740.78,8770.37,8714.27,8745.93,0,0,2024-10-14 15:00:00
8746.66,8777.76,8683.04,8767.29,0,0,2024-10-14 16:00:00
8776.44,8788.73,8699.19,8699.19,0,0,2024-10-14 17:00:00
8709.81,8751.57,8693.57,8707.54,0,0,2024-10-15 10:00:00
8703.85,8755.78,8685.52,8723.68,0,0,2024-10-15 11:00:00
8723.01,8785.88,8722.73,8784.33,0,0,2024-10-15 12:00:00
8786.83,8890.29,8786.83,8841.93,0,0,2024-10-15 13:00:00
8841.86,8851.39,8761.06,8802.61,0,0,2024-10-15 14:00:00
8802.44,8829.84,8761.27,8773.11,0,0,2024-10-15 15:00:00
8772.23,8837.08,8763.08,8779.76,0,0,2024-10-15 16:00:00
8777.98,8877.92,8777.98,8860.3,0,0,2024-10-15 17:00:00
8849.06,8869.03,8819.58,8834.67,0,0,2024-10-16 10:00:00
8835.1,8837.96,8800.89,8835.37,0,0,2024-10-16 11:00:00
8834.86,8841.9,8822.32,8830.37,0,0,2024-10-16 12:00:00
8827.77,8828.99,8813.42,8818.56,0,0,2024-10-16 13:00:00
8818.21,8836.21,8804.06,8830.51,0,0,2024-10-16 14:00:00
8831.17,8838.58,8781.1,8794.7,0,0,2024-10-16 15:00:00
8794.68,8858.4,8794.21,8831.66,0,0,2024-10-16 16:00:00
8838.29,8962.84,8810.38,8956.03,0,0,2024-10-16 17:00:00
8948.59,9022.84,8940.96,9012.76,0,0,2024-10-17 10:00:00
9007.93,9046.09,9005.55,9019.88,0,0,2024-10-17 11:00:00
9020.69,9027.83,8994.69,9012.9,0,0,2024-10-17 12:00:00
9012.18,9028.51,9006.43,9022.22,0,0,2024-10-17 13:00:00
9020.87,9020.87,8965.72,8966.01,0,0,2024-10-17 14:00:00
8960.4,8981.02,8928.83,8974.88,0,0,2024-10-17 15:00:00
8977.18,9058.36,8975.38,9010.12,0,0,2024-10-17 16:00:00
9008.78,9034.17,8951.37,9002.34,0,0,2024-10-17 17:00:00
9018.59,9069.54,9016.53,9050.14,0,0,2024-10-18 10:00:00
9051.38,9063.55,8992.66,8993.22,0,0,2024-10-18 11:00:00
8991.62,9007.17,8960.14,8976.73,0,0,2024-10-18 12:00:00
8971.93,8978.34,8925.09,8951.71,0,0,2024-10-18 13:00:00
8950.37,8961.37,8937.22,8939.8,0,0,2024-10-18 14:00:00
8937.82,8965.33,8930.62,8936.43,0,0,2024-10-18 15:00:00
8936.06,8936.47,8859.72,8864.55,0,0,2024-10-18 16:00:00
8862.6,8872.61,8785.59,8793.61,0,0,2024-10-18 17:00:00
8798.31,8807.26,8722.91,8783.59,0,0,2024-10-21 10:00:00
8782.39,8807.67,8768.56,8781.9,0,0,2024-10-21 11:00:00
8777.16,8786.47,8764.32,8775.46,0,0,2024-10-21 12:00:00
8772.12,8801.39,8740.18,8746.91,0,0,2024-10-21 13:00:00
8744.39,8767.07,8733.89,8760.77,0,0,2024-10-21 14:00:00
8760.14,8779.51,8724.36,8752.75,0,0,2024-10-21 15:00:00
8752.96,8779.08,8685.2,8706.94,0,0,2024-10-21 16:00:00
8705.73,8720.24,8644.45,8654.39,0,0,2024-10-21 17:00:00
8677.75,8732.8,8677.75,8726.67,0,0,2024-10-22 10:00:00
8727.74,8780.82,8707.23,8753.32,0,0,2024-10-22 11:00:00
8754.42,8761.83,8713.07,8737.45,0,0,2024-10-22 12:00:00
8737.9,8744.55,8692.57,8708.7,0,0,2024-10-22 13:00:00
8703.44,8715.13,8682.82,8696.98,0,0,2024-10-22 14:00:00
8695.98,8853.41,8693.07,8840.11,0,0,2024-10-22 15:00:00
8849.79,8912.18,8803.15,8810.13,0,0,2024-10-22 16:00:00
8809.3,8869.19,8805.33,8838.6,0,0,2024-10-22 17:00:00
8853.83,8865.55,8770.07,8770.45,0,0,2024-10-23 10:00:00
8765.9,8771.75,8728.07,8743.19,0,0,2024-10-23 11:00:00
8738.41,8768.31,8737.42,8761.96,0,0,2024-10-23 12:00:00
8762.25,8769.67,8727.1,8733.64,0,0,2024-10-23 13:00:00
8733.64,8766.37,8729.83,8762.1,0,0,2024-10-23 14:00:00
8764.31,8856.68,8763.79,8769.48,0,0,2024-10-23 15:00:00
8767.72,8787.67,8664.68,8754.79,0,0,2024-10-23 16:00:00
8758.29,8769.85,8712.4,8714.69,0,0,2024-10-23 17:00:00
8779.05,8871.12,8779.05,8861.19,0,0,2024-10-24 10:00:00
8862.15,8870.25,8842.08,8868.6,0,0,2024-10-24 11:00:00
8872.44,8876.73,8847.8,8856.84,0,0,2024-10-24 12:00:00
8858.39,8900.16,8856.87,8883.24,0,0,2024-10-24 13:00:00
8886.04,8902.16,8880.8,8898.31,0,0,2024-10-24 14:00:00
8898.6,8920.17,8887.68,8891.35,0,0,2024-10-24 15:00:00
8895.11,8908.16,8832.66,8849.51,0,0,2024-10-24 16:00:00
8848.16,8874.81,8824.34,8872.85,0,0,2024-10-24 17:00:00
8843.64,8879.71,8820.75,8871.43,0,0,2024-10-25 10:00:00
8870.14,8887.12,8834.08,8854.01,0,0,2024-10-25 11:00:00
8856.32,8872.98,8844.76,8863.63,0,0,2024-10-25 12:00:00
8864.78,8881.53,8851.8,8853.68,0,0,2024-10-25 13:00:00
8853.62,8854.12,8830.4,8834.04,0,0,2024-10-25 14:00:00
8830.36,8832.35,8783.27,8794.99,0,0,2024-10-25 15:00:00
8795.53,8833.24,8789.01,8809.4,0,0,2024-10-25 16:00:00
8810.85,8920.25,8810.41,8908.47,0,0,2024-10-25 17:00:00
8908.47,8946.73,8908.47,8943.22,0,0,2024-10-28 09:00:00
8942.09,8954.02,8931.01,8942.94,0,0,2024-10-28 10:00:00
8943.77,8947.76,8937.68,8945.8,0,0,2024-10-28 11:00:00
8961.03,8983.61,8932.2,8935.92,0,0,2024-10-30 09:00:00
8934.73,8956.37,8918.6,8955.62,0,0,2024-10-30 10:00:00
8955.37,8967.31,8951.96,8963.79,0,0,2024-10-30 11:00:00
8964.69,8972.87,8950.94,8954.96,0,0,2024-10-30 12:00:00
8953.55,9026.44,8950.11,9020.99,0,0,2024-10-30 13:00:00
9023.57,9035.05,9004.57,9019.85,0,0,2024-10-30 14:00:00
9018.98,9049.84,9009.95,9034.58,0,0,2024-10-30 15:00:00
9034.01,9039.84,9005.36,9006.55,0,0,2024-10-30 16:00:00
9004.6,9050.62,8993.22,9005.9,0,0,2024-10-31 09:00:00
9005.44,9027.58,9004.07,9006.89,0,0,2024-10-31 10:00:00
9006.31,9008.13,8977.58,8980.17,0,0,2024-10-31 11:00:00
8980.46,8980.46,8946.29,8955.07,0,0,2024-10-31 12:00:00
8953.08,8970.01,8943.7,8943.7,0,0,2024-10-31 13:00:00
8940.18,8952.09,8919.51,8927.32,0,0,2024-10-31 14:00:00
8926.65,8943.37,8921.9,8922.31,0,0,2024-10-31 15:00:00
8917.78,8922.75,8848.73,8863.88,0,0,2024-10-31 16:00:00
8888.51,8958.48,8888.51,8924.4,0,0,2024-11-01 09:00:00
8928.33,8980.99,8927.47,8974.97,0,0,2024-11-01 10:00:00
8975.64,8975.64,8851.72,8887.7,0,0,2024-11-01 11:00:00
8888.44,8901.76,8873.11,8897.16,0,0,2024-11-01 12:00:00
8896.2,8918.0,8873.18,8899.55,0,0,2024-11-01 13:00:00
8895.34,8930.96,8882.9,8913.64,0,0,2024-11-01 14:00:00
8909.56,8928.9,8876.74,8881.25,0,0,2024-11-01 15:00:00
8877.83,8904.0,8861.16,8885.0,0,0,2024-11-01 16:00:00
8862.49,8862.49,8784.84,8794.24,0,0,2024-11-04 09:00:00
8790.47,8804.81,8761.79,8764.57,0,0,2024-11-04 10:00:00
8765.89,8770.41,8748.63,8761.84,0,0,2024-11-04 11:00:00
8762.18,8774.24,8731.64,8731.64,0,0,2024-11-04 12:00:00
8730.96,8738.42,8664.05,8669.99,0,0,2024-11-04 13:00:00
8671.59,8691.88,8660.13,8676.04,0,0,2024-11-04 14:00:00
8676.54,8703.53,8662.79,8672.11,0,0,2024-11-04 15:00:00
8678.95,8699.41,8611.16,8663.88,0,0,2024-11-04 16:00:00
8714.65,8728.16,8573.27,8577.62,0,0,2024-11-05 09:00:00
8576.51,8655.73,8567.87,8655.73,0,0,2024-11-05 10:00:00
8656.55,8688.27,8642.06,8668.75,0,0,2024-11-05 11:00:00
8668.58,8669.09,8609.68,8628.77,0,0,2024-11-05 12:00:00
8629.2,8638.8,8613.76,8623.71,0,0,2024-11-05 13:00:00
8622.85,8646.72,8618.04,8627.48,0,0,2024-11-05 14:00:00
8627.61,8628.93,8594.01,8622.92,0,0,2024-11-05 15:00:00
8621.16,8659.78,8610.14,8618.57,0,0,2024-11-05 16:00:00
8647.94,8681.44,8589.25,8678.23,0,0,2024-11-06 09:00:00
8679.98,8827.46,8677.0,8827.46,0,0,2024-11-06 10:00:00
8829.58,8874.87,8826.41,8873.45,0,0,2024-11-06 11:00:00
8879.89,8888.53,8851.45,8860.22,0,0,2024-11-06 12:00:00
8866.86,8868.29,8813.51,8817.7,0,0,2024-11-06 13:00:00
8815.57,8886.89,8815.57,8876.36,0,0,2024-11-06 14:00:00
8875.13,8915.39,8874.84,8886.57,0,0,2024-11-06 15:00:00
8886.55,8899.63,8862.32,8862.32,0,0,2024-11-06 16:00:00
8873.32,8901.87,8827.61,8872.78,0,0,2024-11-07 09:00:00
8874.48,8882.05,8848.9,8874.62,0,0,2024-11-07 10:00:00
8877.13,8885.35,8845.04,8857.23,0,0,2024-11-07 11:00:00
8856.22,8866.64,8847.99,8859.85,0,0,2024-11-07 12:00:00
8857.95,8876.56,8850.21,8866.29,0,0,2024-11-07 13:00:00
8864.6,8872.45,8826.05,8838.95,0,0,2024-11-07 14:00:00
8840.54,8857.33,8802.19,8820.34,0,0,2024-11-07 15:00:00
8820.48,8946.13,8811.9,8946.13,0,0,2024-11-07 16:00:00
8939.4,8973.14,8928.76,8965.82,0,0,2024-11-08 09:00:00
8969.77,9124.0,8969.62,9087.95,0,0,2024-11-08 10:00:00
9087.62,9147.3,9087.62,9116.51,0,0,2024-11-08 11:00:00
9115.68,9125.8,9082.0,9094.76,0,0,2024-11-08 12:00:00
9092.73,9154.62,9088.96,9147.53,0,0,2024-11-08 13:00:00
9144.36,9195.78,9140.16,9173.91,0,0,2024-11-08 14:00:00
9172.71,9178.68,9143.66,9169.19,0,0,2024-11-08 15:00:00
9167.07,9193.0,9151.48,9184.82,0,0,2024-11-08 16:00:00
9184.82,9287.08,9184.82,9252.62,0,0,2024-11-11 09:00:00
9253.81,9256.27,9224.88,9244.72,0,0,2024-11-11 10:00:00
9244.32,9284.9,9244.32,9264.88,0,0,2024-11-11 11:00:00
9265.45,9275.49,9208.3,9227.57,0,0,2024-11-11 12:00:00
9227.78,9268.7,9220.91,9256.51,0,0,2024-11-11 13:00:00
9253.94,9276.38,9225.93,9243.01,0,0,2024-11-11 14:00:00
9243.37,9318.41,9243.37,9318.41,0,0,2024-11-11 15:00:00
9320.17,9326.18,9238.77,9276.78,0,0,2024-11-11 16:00:00
9253.94,9268.04,9208.42,9256.64,0,0,2024-11-12 09:00:00
9257.28,9261.13,9229.64,9236.37,0,0,2024-11-12 10:00:00
9235.99,9288.37,9233.55,9258.64,0,0,2024-11-12 11:00:00
9257.75,9258.84,9209.79,9213.6,0,0,2024-11-12 12:00:00
9211.24,9231.68,9191.31,9205.5,0,0,2024-11-12 13:00:00
9204.55,9237.87,9202.38,9221.59,0,0,2024-11-12 14:00:00
9220.21,9277.92,9218.73,9255.12,0,0,2024-11-12 15:00:00
9255.68,9257.54,9222.89,9226.86,0,0,2024-11-12 16:00:00
9196.02,9197.77,9133.55,9134.68,0,0,2024-11-13 09:00:00
9130.47,9162.21,9128.66,9159.48,0,0,2024-11-13 10:00:00
9159.02,9161.79,9139.86,9148.65,0,0,2024-11-13 11:00:00
9147.77,9199.37,9144.79,9197.81,0,0,2024-11-13 12:00:00
9202.7,9257.62,9197.02,9250.97,0,0,2024-11-13 13:00:00
9253.29,9320.78,9253.29,9288.47,0,0,2024-11-13 14:00:00
9289.71,9413.52,9282.66,9397.88,0,0,2024-11-13 15:00:00
9395.77,9400.85,9288.09,9300.3,0,0,2024-11-13 16:00:00
9354.28,9416.6,9345.4,9405.74,0,0,2024-11-14 09:00:00
9406.63,9414.02,9350.11,9369.47,0,0,2024-11-14 10:00:00
9369.62,9395.91,9353.34,9365.71,0,0,2024-11-14 11:00:00
9365.8,9396.93,9356.99,9386.19,0,0,2024-11-14 12:00:00
9386.76,9408.25,9381.07,9383.02,0,0,2024-11-14 13:00:00
9382.46,9402.93,9337.03,9370.87,0,0,2024-11-14 14:00:00
9370.32,9436.64,9364.63,9429.46,0,0,2024-11-14 15:00:00
9434.33,9434.33,9357.35,9420.42,0,0,2024-11-14 16:00:00
9447.7,9500.79,9424.71,9497.12,0,0,2024-11-15 09:00:00
9492.54,9495.64,9469.96,9471.62,0,0,2024-11-15 10:00:00
9471.85,9480.07,9457.43,9470.93,0,0,2024-11-15 11:00:00
9471.33,9472.78,9441.6,9465.78,0,0,2024-11-15 12:00:00
9466.67,9469.07,9407.4,9415.13,0,0,2024-11-15 13:00:00
9412.97,9449.49,9396.35,9445.96,0,0,2024-11-15 14:00:00
9444.39,9455.74,9396.86,9413.94,0,0,2024-11-15 15:00:00
9413.48,9449.85,9375.93,9389.62,0,0,2024-11-15 16:00:00
9419.42,9430.74,9315.84,9335.32,0,0,2024-11-18 09:00:00
9335.65,9377.26,9331.0,9359.58,0,0,2024-11-18 10:00:00
9359.89,9376.81,9341.72,9363.6,0,0,2024-11-18 11:00:00
9366.31,9387.33,9343.92,9344.35,0,0,2024-11-18 12:00:00
9343.93,9373.32,9331.92,9364.39,0,0,2024-11-18 13:00:00
9364.52,9379.6,9353.68,9374.5,0,0,2024-11-18 14:00:00
9373.77,9397.0,9363.85,9368.82,0,0,2024-11-18 15:00:00
9368.44,9444.19,9355.18,9395.39,0,0,2024-11-18 16:00:00
9430.99,9441.89,9341.66,9350.79,0,0,2024-11-19 09:00:00
9349.19,9360.89,9324.06,9346.7,0,0,2024-11-19 10:00:00
9346.45,9368.38,9268.02,9270.93,0,0,2024-11-19 11:00:00
9269.87,9294.94,9262.14,9276.51,0,0,2024-11-19 12:00:00
9277.09,9282.97,9224.87,9230.63,0,0,2024-11-19 13:00:00
9228.95,9255.99,9224.84,9225.18,0,0,2024-11-19 14:00:00
9221.77,9241.86,9176.37,9185.92,0,0,2024-11-19 15:00:00
9188.52,9265.25,9175.8,9232.9,0,0,2024-11-19 16:00:00
9272.75,9306.75,9256.19,9282.32,0,0,2024-11-20 09:00:00
9282.47,9284.93,9254.53,9273.19,0,0,2024-11-20 10:00:00
9272.5,9273.97,9241.2,9247.94,0,0,2024-11-20 11:00:00
9248.45,9265.1,9240.67,9240.67,0,0,2024-11-20 12:00:00
9241.17,9258.26,9213.89,9246.48,0,0,2024-11-20 13:00:00
9247.46,9265.11,9237.35,9249.27,0,0,2024-11-20 14:00:00
9250.31,9257.46,9203.48,9214.36,0,0,2024-11-20 15:00:00
9209.19,9209.19,9024.47,9031.82,0,0,2024-11-20 16:00:00
9079.84,9120.42,9070.87,9112.37,0,0,2024-11-21 09:00:00
9112.15,9142.99,9107.38,9134.34,0,0,2024-11-21 10:00:00
9134.45,9147.79,9127.36,9142.68,0,0,2024-11-21 11:00:00
9145.3,9161.96,9130.23,9149.69,0,0,2024-11-21 12:00:00
9148.87,9296.23,9121.69,9288.23,0,0,2024-11-21 13:00:00
9294.62,9314.23,9280.94,9303.3,0,0,2024-11-21 14:00:00
9307.97,9336.34,9272.15,9331.94,0,0,2024-11-21 15:00:00
9333.02,9379.74,9331.13,9367.77,0,0,2024-11-21 16:00:00
9377.49,9398.98,9337.87,9397.33,0,0,2024-11-22 09:00:00
9399.27,9503.3,9399.27,9480.39,0,0,2024-11-22 10:00:00
9480.68,9509.26,9451.94,9468.68,0,0,2024-11-22 11:00:00
9468.46,9482.38,9444.59,9444.79,0,0,2024-11-22 12:00:00
9445.54,9454.36,9410.06,9444.06,0,0,2024-11-22 13:00:00
9446.68,9487.48,9441.78,9465.8,0,0,2024-11-22 14:00:00
9463.33,9515.27,9461.68,9510.11,0,0,2024-11-22 15:00:00
9509.88,9550.27,9496.47,9549.89,0,0,2024-11-22 16:00:00
9618.42,9665.78,9592.76,9622.25,0,0,2024-11-25 09:00:00
9623.06,9654.65,9621.96,9622.42,0,0,2024-11-25 10:00:00
9620.72,9652.24,9613.53,9619.2,0,0,2024-11-25 11:00:00
9619.97,9654.9,9616.84,9650.44,0,0,2024-11-25 12:00:00
9650.27,9660.61,9637.46,9640.99,0,0,2024-11-25 13:00:00
9641.78,9717.22,9626.04,9715.06,0,0,2024-11-25 14:00:00
9717.9,9717.9,9676.28,9697.48,0,0,2024-11-25 15:00:00
9697.54,9709.88,9650.67,9659.96,0,0,2024-11-25 16:00:00
9654.12,9689.25,9622.36,9642.99,0,0,2024-11-26 09:00:00
9643.18,9691.28,9635.51,9674.38,0,0,2024-11-26 10:00:00
9677.7,9683.41,9657.43,9663.97,0,0,2024-11-26 11:00:00
9662.74,9676.02,9630.06,9643.57,0,0,2024-11-26 12:00:00
9641.61,9664.4,9640.52,9640.52,0,0,2024-11-26 13:00:00
9640.59,9642.71,9579.87,9610.59,0,0,2024-11-26 14:00:00
9609.02,9626.23,9600.39,9602.83,0,0,2024-11-26 15:00:00
9600.76,9651.72,9594.59,9636.12,0,0,2024-11-26 16:00:00
9730.98,9741.42,9692.04,9697.46,0,0,2024-11-27 09:00:00
9694.49,9700.58,9641.54,9667.25,0,0,2024-11-27 10:00:00
9667.33,9681.1,9656.82,9678.88,0,0,2024-11-27 11:00:00
9680.6,9697.71,9670.29,9690.8,0,0,2024-11-27 12:00:00
9690.54,9693.25,9658.49,9676.97,0,0,2024-11-27 13:00:00
9676.08,9676.45,9643.66,9647.61,0,0,2024-11-27 14:00:00
9643.69,9693.35,9619.86,9673.43,0,0,2024-11-27 15:00:00
9673.47,9703.71,9639.77,9639.77,0,0,2024-11-27 16:00:00
9640.57,9671.41,9619.07,9645.06,0,0,2024-11-28 09:00:00
9643.96,9662.13,9631.43,9634.84,0,0,2024-11-28 10:00:00
9633.91,9644.67,9624.48,9635.02,0,0,2024-11-28 11:00:00
9639.18,9645.93,9626.69,9645.2,0,0,2024-11-28 12:00:00
9649.73,9650.56,9608.8,9610.18,0,0,2024-11-28 13:00:00
9608.9,9621.69,9587.57,9612.37,0,0,2024-11-28 14:00:00
9613.58,9643.1,9610.16,9618.64,0,0,2024-11-28 15:00:00
9623.69,9642.78,9609.46,9640.08,0,0,2024-11-28 16:00:00
9650.73,9658.61,9603.45,9631.12,0,0,2024-11-29 09:00:00
9632.21,9633.45,9605.81,9611.61,0,0,2024-11-29 10:00:00
9611.58,9623.53,9608.77,9617.48,0,0,2024-11-29 11:00:00
9618.36,9636.44,9610.12,9622.22,0,0,2024-11-29 12:00:00
9622.83,9640.42,9595.54,9628.0,0,0,2024-11-29 13:00:00
9631.49,9643.52,9614.24,9631.18,0,0,2024-11-29 14:00:00
9634.77,9734.1,9631.76,9706.98,0,0,2024-11-29 15:00:00
9706.76,9706.76,9576.85,9652.0,0,0,2024-11-29 16:00:00
9602.31,9614.02,9575.2,9577.55,0,0,2024-12-02 09:00:00
9575.68,9620.57,9575.68,9602.87,0,0,2024-12-02 10:00:00
9603.67,9663.32,9601.95,9651.62,0,0,2024-12-02 11:00:00
9652.94,9661.42,9632.73,9654.08,0,0,2024-12-02 12:00:00
9653.67,9657.37,9626.93,9632.55,0,0,2024-12-02 13:00:00
9631.36,9647.96,9615.34,9626.5,0,0,2024-12-02 14:00:00
9628.05,9664.87,9614.83,9658.18,0,0,2024-12-02 15:00:00
9663.43,9697.77,9655.35,9681.11,0,0,2024-12-02 16:00:00
9713.21,9855.21,9662.43,9844.97,0,0,2024-12-03 09:00:00
9845.61,9885.8,9845.61,9877.17,0,0,2024-12-03 10:00:00
9876.04,9883.23,9860.62,9862.2,0,0,2024-12-03 11:00:00
9863.33,9864.48,9829.93,9832.65,0,0,2024-12-03 12:00:00
9834.35,9858.58,9824.74,9845.03,0,0,2024-12-03 13:00:00
9844.05,9882.37,9841.87,9878.73,0,0,2024-12-03 14:00:00
9875.77,9884.02,9856.45,9859.17,0,0,2024-12-03 15:00:00
9858.04,9868.34,9815.41,9827.23,0,0,2024-12-03 16:00:00
9858.69,9888.91,9854.44,9881.42,0,0,2024-12-04 09:00:00
9885.11,9890.34,9873.71,9875.4,0,0,2024-12-04 10:00:00
9875.65,9886.09,9866.38,9879.37,0,0,2024-12-04 11:00:00
9878.31,9885.04,9867.26,9879.42,0,0,2024-12-04 12:00:00
9881.48,9938.91,9868.27,9936.37,0,0,2024-12-04 13:00:00
9935.25,9939.85,9892.04,9908.92,0,0,2024-12-04 14:00:00
9905.78,9917.16,9869.06,9917.16,0,0,2024-12-04 15:00:00
9916.66,9933.89,9886.0,9886.05,0,0,2024-12-04 16:00:00
9912.17,9953.21,9897.8,9939.56,0,0,2024-12-05 09:00:00
9941.07,9952.76,9928.08,9951.2,0,0,2024-12-05 10:00:00
9953.03,9956.77,9937.62,9952.22,0,0,2024-12-05 11:00:00
9950.38,9965.31,9943.27,9961.37,0,0,2024-12-05 12:00:00
9960.63,9962.27,9933.13,9935.41,0,0,2024-12-05 13:00:00
9933.58,9944.26,9894.72,9905.05,0,0,2024-12-05 14:00:00
9904.0,9911.42,9852.05,9911.42,0,0,2024-12-05 15:00:00
9914.79,9948.42,9910.36,9935.96,0,0,2024-12-05 16:00:00
10063.7,10076.03,10012.42,10019.43,0,0,2024-12-06 09:00:00
10019.93,10080.76,10018.59,10064.72,0,0,2024-12-06 10:00:00
10066.22,10088.45,10064.84,10077.18,0,0,2024-12-06 11:00:00
10078.22,10087.8,10072.69,10081.18,0,0,2024-12-06 12:00:00
10081.35,10082.74,10057.53,10074.65,0,0,2024-12-06 13:00:00
10076.0,10093.2,10073.86,10080.6,0,0,2024-12-06 14:00:00
10081.65,10098.1,10075.64,10086.87,0,0,2024-12-06 15:00:00
10085.68,10089.3,10067.67,10081.0,0,0,2024-12-06 16:00:00
10174.96,10193.43,10150.61,10166.24,0,0,2024-12-09 09:00:00
10168.9,10191.29,10167.93,10179.07,0,0,2024-12-09 10:00:00
10179.01,10199.5,10174.43,10196.18,0,0,2024-12-09 11:00:00
10196.19,10226.23,10193.57,10224.74,0,0,2024-12-09 12:00:00
10227.63,10236.51,10202.61,10209.69,0,0,2024-12-09 13:00:00
10210.93,10258.16,10209.37,10244.43,0,0,2024-12-09 14:00:00
10241.34,10262.15,10236.5,10236.5,0,0,2024-12-09 15:00:00
10235.03,10257.39,10225.78,10257.39,0,0,2024-12-09 16:00:00
10257.19,10274.06,10227.91,10248.75,0,0,2024-12-10 09:00:00
10249.67,10276.67,10205.39,10225.12,0,0,2024-12-10 10:00:00
10224.17,10229.94,10204.76,10226.7,0,0,2024-12-10 11:00:00
10228.28,10228.3,10190.23,10198.13,0,0,2024-12-10 12:00:00
10198.33,10206.39,10163.68,10183.33,0,0,2024-12-10 13:00:00
10182.06,10185.59,10123.66,10141.35,0,0,2024-12-10 14:00:00
10138.72,10154.6,10098.85,10127.68,0,0,2024-12-10 15:00:00
10128.02,10129.13,10079.8,10099.03,0,0,2024-12-10 16:00:00
10132.38,10170.04,10097.91,10156.31,0,0,2024-12-11 09:00:00
10155.31,10163.56,10106.37,10109.17,0,0,2024-12-11 10:00:00
10108.18,10108.18,10024.71,10049.02,0,0,2024-12-11 11:00:00
10049.13,10054.76,10010.59,10050.54,0,0,2024-12-11 12:00:00
10050.88,10071.52,10047.54,10049.94,0,0,2024-12-11 13:00:00
10048.53,10060.72,10032.19,10038.75,0,0,2024-12-11 14:00:00
10037.99,10111.66,10035.65,10106.23,0,0,2024-12-11 15:00:00
10108.09,10112.04,10035.57,10058.47,0,0,2024-12-11 16:00:00
10109.23,10129.71,10095.15,10117.45,0,0,2024-12-12 09:00:00
10118.66,10154.77,10118.61,10139.36,0,0,2024-12-12 10:00:00
10140.15,10148.86,10131.15,10140.56,0,0,2024-12-12 11:00:00
10138.62,10150.19,10132.07,10132.3,0,0,2024-12-12 12:00:00
10131.23,10146.31,10105.65,10105.65,0,0,2024-12-12 13:00:00
10099.86,10127.88,10087.43,10114.38,0,0,2024-12-12 14:00:00
10114.11,10134.95,10095.88,10104.02,0,0,2024-12-12 15:00:00
10099.52,10109.45,10026.8,10058.63,0,0,2024-12-12 16:00:00
10028.15,10028.15,9964.89,9987.5,0,0,2024-12-13 09:00:00
9986.04,10031.97,9978.96,10022.94,0,0,2024-12-13 10:00:00
10024.48,10024.48,10000.92,10011.18,0,0,2024-12-13 11:00:00
10011.25,10037.04,10006.95,10031.53,0,0,2024-12-13 12:00:00
10031.45,10070.14,10031.28,10057.6,0,0,2024-12-13 13:00:00
10057.09,10061.96,10016.55,10034.71,0,0,2024-12-13 14:00:00
10035.36,10045.17,10020.63,10037.46,0,0,2024-12-13 15:00:00
10036.29,10125.46,10027.24,10125.46,0,0,2024-12-13 16:00:00
10146.61,10156.8,10109.27,10112.66,0,0,2024-12-16 09:00:00
10110.02,10133.37,10110.02,10123.12,0,0,2024-12-16 10:00:00
10123.79,10126.7,10096.47,10104.93,0,0,2024-12-16 11:00:00
10106.23,10109.05,10069.41,10093.53,0,0,2024-12-16 12:00:00
10091.62,10104.57,10078.23,10082.24,0,0,2024-12-16 13:00:00
10083.39,10112.23,10081.92,10106.58,0,0,2024-12-16 14:00:00
10106.0,10108.06,10048.18,10058.6,0,0,2024-12-16 15:00:00
10057.95,10064.17,9997.66,9997.66,0,0,2024-12-16 16:00:00
10012.62,10039.45,9977.44,10003.32,0,0,2024-12-17 09:00:00
10001.33,10007.58,9913.91,9935.19,0,0,2024-12-17 10:00:00
9933.9,9945.5,9918.58,9934.91,0,0,2024-12-17 11:00:00
9938.09,9998.31,9928.17,9985.29,0,0,2024-12-17 12:00:00
9979.97,9998.28,9959.14,9968.35,0,0,2024-12-17 13:00:00
9968.46,9979.31,9935.56,9951.95,0,0,2024-12-17 14:00:00
9954.05,10050.37,9932.75,10044.9,0,0,2024-12-17 15:00:00
10048.93,10054.03,10011.27,10011.27,0,0,2024-12-17 16:00:00
10007.26,10020.4,9965.58,9972.79,0,0,2024-12-18 09:00:00
9973.79,9993.84,9964.09,9981.0,0,0,2024-12-18 10:00:00
9983.9,9995.4,9977.58,9982.68,0,0,2024-12-18 11:00:00
9979.6,9990.76,9974.92,9980.01,0,0,2024-12-18 12:00:00
9978.13,9985.14,9949.45,9958.16,0,0,2024-12-18 13:00:00
9958.22,10034.4,9956.91,10034.4,0,0,2024-12-18 14:00:00
10037.6,10050.55,10026.33,10041.51,0,0,2024-12-18 15:00:00
10041.34,10042.3,9912.58,9915.76,0,0,2024-12-18 16:00:00
9851.29,9887.05,9826.56,9848.65,0,0,2024-12-19 09:00:00
9844.06,9896.13,9830.71,9892.73,0,0,2024-12-19 10:00:00
9894.23,9894.76,9869.14,9881.03,0,0,2024-12-19 11:00:00
9881.95,9881.95,9855.56,9861.66,0,0,2024-12-19 12:00:00
9861.68,9870.63,9856.39,9857.34,0,0,2024-12-19 13:00:00
9856.25,9893.93,9849.66,9875.91,0,0,2024-12-19 14:00:00
9876.98,9885.61,9793.64,9812.42,0,0,2024-12-19 15:00:00
9812.74,9836.37,9755.0,9765.12,0,0,2024-12-19 16:00:00
9790.96,9814.77,9760.66,9785.27,0,0,2024-12-20 09:00:00
9786.49,9801.66,9730.91,9746.36,0,0,2024-12-20 10:00:00
9745.85,9751.75,9729.82,9740.13,0,0,2024-12-20 11:00:00
9739.3,9772.65,9737.82,9770.57,0,0,2024-12-20 12:00:00
9770.92,9772.45,9739.73,9763.25,0,0,2024-12-20 13:00:00
9762.22,9768.58,9705.85,9729.7,0,0,2024-12-20 14:00:00
9732.54,9776.96,9702.45,9710.45,0,0,2024-12-20 15:00:00
9709.41,9739.57,9707.51,9724.5,0,0,2024-12-20 16:00:00
